MFR URL,Ref URL 1,Ref URL 2,Ref URL 3,Ref URL 4,Ref URL 5,PART_NUMBER,Dept,Class,Fine,SKU - MY_PART_NUMBER,Mfg_Part_Num,Part_Desc,E1_Brand,Unilog_Brand,DIB_Brand,Part_Manuf,MANUFACTURER_NAME,BRAND_NAME,TRADE_NAME,MANUFACTURER_PART_NUMBER,ALTERNATE_PART_NUMBER,Classpath,MOBILE_DESC,INVOICE_DESC,SHORT_DESC,LONG_DESC1,RETAIL_DESC,MARKETING_DESCRIPTION,ITEM_FEATURES_1,ITEM_FEATURES_2,ITEM_FEATURES_3,ITEM_FEATURES_4,ITEM_FEATURES_5,ITEM_FEATURES_6,ITEM_FEATURES_7,ITEM_FEATURES_8,ITEM_FEATURES_9,ITEM_FEATURES_10,ITEM_FEATURES_11,ITEM_FEATURES_12,ITEM_FEATURES_13,ITEM_FEATURES_14,ITEM_FEATURES_15,ITEM_FEATURES_16,ITEM_FEATURES_17,ITEM_FEATURES_18,ITEM_FEATURES_19,ITEM_FEATURES_20,With,Standard/Approvals,Prop 65,Application,Includes,Product Name,ATTRIBUTE_LABEL 1,ATTRIBUTE_VALUE 1,ATTRIBUTE_UOM 1,ATTRIBUTE_LABEL 2,ATTRIBUTE_VALUE 2,ATTRIBUTE_UOM 2,ATTRIBUTE_LABEL 3,ATTRIBUTE_VALUE 3,ATTRIBUTE_UOM 3,ATTRIBUTE_LABEL 4,ATTRIBUTE_VALUE 4,ATTRIBUTE_UOM 4,ATTRIBUTE_LABEL 5,ATTRIBUTE_VALUE 5,ATTRIBUTE_UOM 5,ATTRIBUTE_LABEL 6,ATTRIBUTE_VALUE 6,ATTRIBUTE_UOM 6,ATTRIBUTE_LABEL 7,ATTRIBUTE_VALUE 7,ATTRIBUTE_UOM 7,ATTRIBUTE_LABEL 8,ATTRIBUTE_VALUE 8,ATTRIBUTE_UOM 8,ATTRIBUTE_LABEL 9,ATTRIBUTE_VALUE 9,ATTRIBUTE_UOM 9,ATTRIBUTE_LABEL 10,ATTRIBUTE_VALUE 10,ATTRIBUTE_UOM 10,ATTRIBUTE_LABEL 11,ATTRIBUTE_VALUE 11,ATTRIBUTE_UOM 11,ATTRIBUTE_LABEL 12,ATTRIBUTE_VALUE 12,ATTRIBUTE_UOM 12,ATTRIBUTE_LABEL 13,ATTRIBUTE_VALUE 13,ATTRIBUTE_UOM 13,ATTRIBUTE_LABEL 14,ATTRIBUTE_VALUE 14,ATTRIBUTE_UOM 14,ATTRIBUTE_LABEL 15,ATTRIBUTE_VALUE 15,ATTRIBUTE_UOM 15,ATTRIBUTE_LABEL 16,ATTRIBUTE_VALUE 16,ATTRIBUTE_UOM 16,ATTRIBUTE_LABEL 17,ATTRIBUTE_VALUE 17,ATTRIBUTE_UOM 17,ATTRIBUTE_LABEL 18,ATTRIBUTE_VALUE 18,ATTRIBUTE_UOM 18,ATTRIBUTE_LABEL 19,ATTRIBUTE_VALUE 19,ATTRIBUTE_UOM 19,ATTRIBUTE_LABEL 20,ATTRIBUTE_VALUE 20,ATTRIBUTE_UOM 20,ATTRIBUTE_LABEL 21,ATTRIBUTE_VALUE 21,ATTRIBUTE_UOM 21,ATTRIBUTE_LABEL 22,ATTRIBUTE_VALUE 22,ATTRIBUTE_UOM 22,ATTRIBUTE_LABEL 23,ATTRIBUTE_VALUE 23,ATTRIBUTE_UOM 23,ATTRIBUTE_LABEL 24,ATTRIBUTE_VALUE 24,ATTRIBUTE_UOM 24,ATTRIBUTE_LABEL 25,ATTRIBUTE_VALUE 25,ATTRIBUTE_UOM 25,ATTRIBUTE_LABEL 26,ATTRIBUTE_VALUE 26,ATTRIBUTE_UOM 26,ATTRIBUTE_LABEL 27,ATTRIBUTE_VALUE 27,ATTRIBUTE_UOM 27,ATTRIBUTE_LABEL 28,ATTRIBUTE_VALUE 28,ATTRIBUTE_UOM 28,ATTRIBUTE_LABEL 29,ATTRIBUTE_VALUE 29,ATTRIBUTE_UOM 29,ATTRIBUTE_LABEL 30,ATTRIBUTE_VALUE 30,ATTRIBUTE_UOM 30,ATTRIBUTE_LABEL 31,ATTRIBUTE_VALUE 31,ATTRIBUTE_UOM 31,ATTRIBUTE_LABEL 32,ATTRIBUTE_VALUE 32,ATTRIBUTE_UOM 32,ATTRIBUTE_LABEL 33,ATTRIBUTE_VALUE 33,ATTRIBUTE_UOM 33,ATTRIBUTE_LABEL 34,ATTRIBUTE_VALUE 34,ATTRIBUTE_UOM 34,ATTRIBUTE_LABEL 35,ATTRIBUTE_VALUE 35,ATTRIBUTE_UOM 35,ATTRIBUTE_LABEL 36,ATTRIBUTE_VALUE 36,ATTRIBUTE_UOM 36,ATTRIBUTE_LABEL 37,ATTRIBUTE_VALUE 37,ATTRIBUTE_UOM 37,ATTRIBUTE_LABEL 38,ATTRIBUTE_VALUE 38,ATTRIBUTE_UOM 38,ATTRIBUTE_LABEL 39,ATTRIBUTE_VALUE 39,ATTRIBUTE_UOM 39,ATTRIBUTE_LABEL 40,ATTRIBUTE_VALUE 40,ATTRIBUTE_UOM 40,ATTRIBUTE_LABEL 41,ATTRIBUTE_VALUE 41,ATTRIBUTE_UOM 41,ATTRIBUTE_LABEL 42,ATTRIBUTE_VALUE 42,ATTRIBUTE_UOM 42,ATTRIBUTE_LABEL 43,ATTRIBUTE_VALUE 43,ATTRIBUTE_UOM 43,ATTRIBUTE_LABEL 44,ATTRIBUTE_VALUE 44,ATTRIBUTE_UOM 44,ATTRIBUTE_LABEL 45,ATTRIBUTE_VALUE 45,ATTRIBUTE_UOM 45,ATTRIBUTE_LABEL 46,ATTRIBUTE_VALUE 46,ATTRIBUTE_UOM 46,ATTRIBUTE_LABEL 47,ATTRIBUTE_VALUE 47,ATTRIBUTE_UOM 47,ATTRIBUTE_LABEL 48,ATTRIBUTE_VALUE 48,ATTRIBUTE_UOM 48,ATTRIBUTE_LABEL 49,ATTRIBUTE_VALUE 49,ATTRIBUTE_UOM 49,ATTRIBUTE_LABEL 50,ATTRIBUTE_VALUE 50,ATTRIBUTE_UOM 50,UPC,EAN,GTIN,UNSPSC,Warranty,List Price,Selling Qty,Selling UOM,Standard Packaging Information,LENGTH,LENGTH_UOM,HEIGHT,HEIGHT_UOM,WIDTH,WIDTH_UOM,WEIGHT,WEIGHT_UOM,VOLUME,VOLUME_UOM,Product Image,Alternate Image 1,Alternate Image 2,Alternate Image 3,Alternate Image 4,SDS,SDS_1,Warranty Information,Catalog,Specification Sheet,Instruction/Installation Manual,Service Manual,Owners/User Manual,Line Drawing,MTR,RoHS,Full Engineering Drawing,Energy Star Guide,Technical Bulletin,Submittal,Compatibility Chart,Size Chart,Product Label/Insert,Video Link,Video Link 1,Country Of Origin,Discontinued,Actual Image (Yes/No)
,,,,,,20000001,Abrasives,Coated Abrasives,Sanding Belts,1500001,DCB518ASTS06G,"DCB518ASTS06G Diablo 1/2""x18"" - Sanding Belt 6pc",Diablo,Diablo,Diablo,Freud Inc,Freud Inc,Diablo,,DCB518ASTS06G,,Industrial Supplies>Abrasives>Coated Abrasives>Sanding Belts,Diablo DCB518ASTS06G Sanding Belts,DCB518ASTS06G Sanding Belts,"Diablo Freud Inc DCB518ASTS06G Sanding Belts - Grit: P80, Abrasive Material: Alu","Diablo Freud Inc DCB518ASTS06G Sanding Belts. Manufacturer Part Number: DCB518ASTS06G. Features & Specifications: Grit: P80, Abrasive Material: Aluminum Oxide, Backing Weight: X-Weight, Pack Quantity: 6 pc.","Diablo Freud Inc DCB518ASTS06G Sanding Belts. Grit: P80, Abrasive Material: Aluminum Oxide, Backing Weight: X-Weight, Pack Quantity: 6 pc","High quality Diablo Freud Inc DCB518ASTS06G Sanding Belts. Built to industry standards. Specifications: Grit: P80, Abrasive Material: Aluminum Oxide, Backing Weight: X-Weight, Pack Quantity: 6 pc.",,,,,,,,,,,,,,,,,,,,,,,,,,Sanding Belts,Color,Standard,,,,,,,,,,,,,,,,,,,,,,,,,,,,,,,,,,,,,,,,,,,,,,,,,,,,,,,,,,,,,,,,,,,,,,,,,,,,,,,,,,,,,,,,,,,,,,,,,,,,,,,,,,,,,,,,,,,,,,,,,,,,,,,,,,,,,,,,,,,,,,,,,,,,,,,,,,,,,,,,,,,,,,,,,,,,,,,,,,,,,,,,,,,,,,,,,,,No
,,,,,,20000002,Abrasives,Coated Abrasives,Sanding Discs,1500002,3MABR-7100075678,3M 775L Stikit Film P150 - Cubitron II 50 Disc/Box,3M,3M,3M,Jam Industrial Supply LLC,Jam Industrial Supply LLC,3M,,3MABR-7100075678,,Industrial Supplies>Abrasives>Coated Abrasives>Sanding Discs,3M 3MABR-7100075678 Sanding Discs,3MABR-7100075678 Sanding Discs,"3M Jam Industrial Supply LLC 3MABR-7100075678 Sanding Discs - Grit: P150, Abrasi","3M Jam Industrial Supply LLC 3MABR-7100075678 Sanding Discs. Manufacturer Part Number: 3MABR-7100075678. Features & Specifications: Grit: P150, Abrasive Material: Aluminum Oxide, Backing Weight: X-Weight, Pack Quantity: 6 pc.","3M Jam Industrial Supply LLC 3MABR-7100075678 Sanding Discs. Grit: P150, Abrasive Material: Aluminum Oxide, Backing Weight: X-Weight, Pack Quantity: 6 pc","High quality 3M Jam Industrial Supply LLC 3MABR-7100075678 Sanding Discs. Built to industry standards. Specifications: Grit: P150, Abrasive Material: Aluminum Oxide, Backing Weight: X-Weight, Pack Quantity: 6 pc.",,,,,,,,,,,,,,,,,,,,,,,,,,Sanding Discs,Color,Standard,,,,,,,,,,,,,,,,,,,,,,,,,,,,,,,,,,,,,,,,,,,,,,,,,,,,,,,,,,,,,,,,,,,,,,,,,,,,,,,,,,,,,,,,,,,,,,,,,,,,,,,,,,,,,,,,,,,,,,,,,,,,,,,,,,,,,,,,,,,,,,,,,,,,,,,,,,,,,,,,,,,,,,,,,,,,,,,,,,,,,,,,,,,,,,,,,,,No
,,,,,,20000003,Abrasives,Coated Abrasives,Sanding Discs,1500003,3MABR-7100045865,3M 775L Stikit Film P120 - Cubitron II 50 Disc/Box,3M,3M,3M,Jam Industrial Supply LLC,Jam Industrial Supply LLC,3M,,3MABR-7100045865,,Industrial Supplies>Abrasives>Coated Abrasives>Sanding Discs,3M 3MABR-7100045865 Sanding Discs,3MABR-7100045865 Sanding Discs,"3M Jam Industrial Supply LLC 3MABR-7100045865 Sanding Discs - Color: Standard, M","3M Jam Industrial Supply LLC 3MABR-7100045865 Sanding Discs. Manufacturer Part Number: 3MABR-7100045865. Features & Specifications: Color: Standard, Material: Steel.","3M Jam Industrial Supply LLC 3MABR-7100045865 Sanding Discs. Color: Standard, Material: Steel","High quality 3M Jam Industrial Supply LLC 3MABR-7100045865 Sanding Discs. Built to industry standards. Specifications: Color: Standard, Material: Steel.",,,,,,,,,,,,,,,,,,,,,,,,,,Sanding Discs,Color,Standard,,,,,,,,,,,,,,,,,,,,,,,,,,,,,,,,,,,,,,,,,,,,,,,,,,,,,,,,,,,,,,,,,,,,,,,,,,,,,,,,,,,,,,,,,,,,,,,,,,,,,,,,,,,,,,,,,,,,,,,,,,,,,,,,,,,,,,,,,,,,,,,,,,,,,,,,,,,,,,,,,,,,,,,,,,,,,,,,,,,,,,,,,,,,,,,,,,,No
,,,,,,20000004,Abrasives,Coated Abrasives,Sanding Discs,1500004,3MABR-7100048736,3M 775L Stikit Film P80 - Cubitron II 50 Disc/Box,3M,3M,3M,Jam Industrial Supply LLC,Jam Industrial Supply LLC,3M,,3MABR-7100048736,,Industrial Supplies>Abrasives>Coated Abrasives>Sanding Discs,3M 3MABR-7100048736 Sanding Discs,3MABR-7100048736 Sanding Discs,"3M Jam Industrial Supply LLC 3MABR-7100048736 Sanding Discs - Grit: P80, Abrasiv","3M Jam Industrial Supply LLC 3MABR-7100048736 Sanding Discs. Manufacturer Part Number: 3MABR-7100048736. Features & Specifications: Grit: P80, Abrasive Material: Aluminum Oxide, Backing Weight: X-Weight, Pack Quantity: 6 pc.","3M Jam Industrial Supply LLC 3MABR-7100048736 Sanding Discs. Grit: P80, Abrasive Material: Aluminum Oxide, Backing Weight: X-Weight, Pack Quantity: 6 pc","High quality 3M Jam Industrial Supply LLC 3MABR-7100048736 Sanding Discs. Built to industry standards. Specifications: Grit: P80, Abrasive Material: Aluminum Oxide, Backing Weight: X-Weight, Pack Quantity: 6 pc.",,,,,,,,,,,,,,,,,,,,,,,,,,Sanding Discs,Color,Standard,,,,,,,,,,,,,,,,,,,,,,,,,,,,,,,,,,,,,,,,,,,,,,,,,,,,,,,,,,,,,,,,,,,,,,,,,,,,,,,,,,,,,,,,,,,,,,,,,,,,,,,,,,,,,,,,,,,,,,,,,,,,,,,,,,,,,,,,,,,,,,,,,,,,,,,,,,,,,,,,,,,,,,,,,,,,,,,,,,,,,,,,,,,,,,,,,,,No
,,,,,,20000005,Abrasives,Coated Abrasives,Sanding Discs,1500005,3MABR-7100075690,3M 775L Stikit Film P180 - Cubitron II 50 Disc/Box,3M,3M,3M,Jam Industrial Supply LLC,Jam Industrial Supply LLC,3M,,3MABR-7100075690,,Industrial Supplies>Abrasives>Coated Abrasives>Sanding Discs,3M 3MABR-7100075690 Sanding Discs,3MABR-7100075690 Sanding Discs,"3M Jam Industrial Supply LLC 3MABR-7100075690 Sanding Discs - Color: Standard, M","3M Jam Industrial Supply LLC 3MABR-7100075690 Sanding Discs. Manufacturer Part Number: 3MABR-7100075690. Features & Specifications: Color: Standard, Material: Steel.","3M Jam Industrial Supply LLC 3MABR-7100075690 Sanding Discs. Color: Standard, Material: Steel","High quality 3M Jam Industrial Supply LLC 3MABR-7100075690 Sanding Discs. Built to industry standards. Specifications: Color: Standard, Material: Steel.",,,,,,,,,,,,,,,,,,,,,,,,,,Sanding Discs,Color,Standard,,,,,,,,,,,,,,,,,,,,,,,,,,,,,,,,,,,,,,,,,,,,,,,,,,,,,,,,,,,,,,,,,,,,,,,,,,,,,,,,,,,,,,,,,,,,,,,,,,,,,,,,,,,,,,,,,,,,,,,,,,,,,,,,,,,,,,,,,,,,,,,,,,,,,,,,,,,,,,,,,,,,,,,,,,,,,,,,,,,,,,,,,,,,,,,,,,,No
,,,,,,20000006,Abrasives,Coated Abrasives,Sanding Discs,1500006,3MABR-7100075692,3M 775L Stikit Film P220 - Cubitron II 50 Disc/Box,3M,3M,3M,Jam Industrial Supply LLC,Jam Industrial Supply LLC,3M,,3MABR-7100075692,,Industrial Supplies>Abrasives>Coated Abrasives>Sanding Discs,3M 3MABR-7100075692 Sanding Discs,3MABR-7100075692 Sanding Discs,"3M Jam Industrial Supply LLC 3MABR-7100075692 Sanding Discs - Color: Standard, M","3M Jam Industrial Supply LLC 3MABR-7100075692 Sanding Discs. Manufacturer Part Number: 3MABR-7100075692. Features & Specifications: Color: Standard, Material: Steel.","3M Jam Industrial Supply LLC 3MABR-7100075692 Sanding Discs. Color: Standard, Material: Steel","High quality 3M Jam Industrial Supply LLC 3MABR-7100075692 Sanding Discs. Built to industry standards. Specifications: Color: Standard, Material: Steel.",,,,,,,,,,,,,,,,,,,,,,,,,,Sanding Discs,Color,Standard,,,,,,,,,,,,,,,,,,,,,,,,,,,,,,,,,,,,,,,,,,,,,,,,,,,,,,,,,,,,,,,,,,,,,,,,,,,,,,,,,,,,,,,,,,,,,,,,,,,,,,,,,,,,,,,,,,,,,,,,,,,,,,,,,,,,,,,,,,,,,,,,,,,,,,,,,,,,,,,,,,,,,,,,,,,,,,,,,,,,,,,,,,,,,,,,,,,No
,,,,,,20000007,Abrasives,Coated Abrasives,Sanding Discs,1500007,3MABR-7100145365,3M 775L Stikit Film P320 - Cubitron II 50 Disc/Box,3M,3M,3M,Jam Industrial Supply LLC,Jam Industrial Supply LLC,3M,,3MABR-7100145365,,Industrial Supplies>Abrasives>Coated Abrasives>Sanding Discs,3M 3MABR-7100145365 Sanding Discs,3MABR-7100145365 Sanding Discs,"3M Jam Industrial Supply LLC 3MABR-7100145365 Sanding Discs - Color: Standard, M","3M Jam Industrial Supply LLC 3MABR-7100145365 Sanding Discs. Manufacturer Part Number: 3MABR-7100145365. Features & Specifications: Color: Standard, Material: Steel.","3M Jam Industrial Supply LLC 3MABR-7100145365 Sanding Discs. Color: Standard, Material: Steel","High quality 3M Jam Industrial Supply LLC 3MABR-7100145365 Sanding Discs. Built to industry standards. Specifications: Color: Standard, Material: Steel.",,,,,,,,,,,,,,,,,,,,,,,,,,Sanding Discs,Color,Standard,,,,,,,,,,,,,,,,,,,,,,,,,,,,,,,,,,,,,,,,,,,,,,,,,,,,,,,,,,,,,,,,,,,,,,,,,,,,,,,,,,,,,,,,,,,,,,,,,,,,,,,,,,,,,,,,,,,,,,,,,,,,,,,,,,,,,,,,,,,,,,,,,,,,,,,,,,,,,,,,,,,,,,,,,,,,,,,,,,,,,,,,,,,,,,,,,,,No
,,,,,,20000008,General Merchandise,Unclassified,General Industrial,1500008,5B-332-080,"5B-332-080 HIOLIT 5"" P80",Generic / Unbranded,Generic / Unbranded,Generic / Unbranded,Mirka Abrasives Inc,Mirka Abrasives Inc,Generic / Unbranded,,5B-332-080,,General Industrial>Unclassified,5B-332-080 General Industrial,5B-332-080 General Industrial,"Mirka Abrasives Inc 5B-332-080 General Industrial - Grit: P80, Abrasive Material","Mirka Abrasives Inc 5B-332-080 General Industrial. Manufacturer Part Number: 5B-332-080. Features & Specifications: Grit: P80, Abrasive Material: Aluminum Oxide, Backing Weight: X-Weight, Pack Quantity: 6 pc.","Mirka Abrasives Inc 5B-332-080 General Industrial. Grit: P80, Abrasive Material: Aluminum Oxide, Backing Weight: X-Weight, Pack Quantity: 6 pc","High quality Mirka Abrasives Inc 5B-332-080 General Industrial. Built to industry standards. Specifications: Grit: P80, Abrasive Material: Aluminum Oxide, Backing Weight: X-Weight, Pack Quantity: 6 pc.",,,,,,,,,,,,,,,,,,,,,,,,,,General Industrial,Color,Standard,,,,,,,,,,,,,,,,,,,,,,,,,,,,,,,,,,,,,,,,,,,,,,,,,,,,,,,,,,,,,,,,,,,,,,,,,,,,,,,,,,,,,,,,,,,,,,,,,,,,,,,,,,,,,,,,,,,,,,,,,,,,,,,,,,,,,,,,,,,,,,,,,,,,,,,,,,,,,,,,,,,,,,,,,,,,,,,,,,,,,,,,,,,,,,,,,,,No
,,,,,,20000009,General Merchandise,Unclassified,General Industrial,1500009,5B-332-120,"5B-332-120 HIOLIT 5"" P120",Generic / Unbranded,Generic / Unbranded,Generic / Unbranded,Mirka Abrasives Inc,Mirka Abrasives Inc,Generic / Unbranded,,5B-332-120,,General Industrial>Unclassified,5B-332-120 General Industrial,5B-332-120 General Industrial,"Mirka Abrasives Inc 5B-332-120 General Industrial - Color: Standard, Material: S","Mirka Abrasives Inc 5B-332-120 General Industrial. Manufacturer Part Number: 5B-332-120. Features & Specifications: Color: Standard, Material: Steel.","Mirka Abrasives Inc 5B-332-120 General Industrial. Color: Standard, Material: Steel","High quality Mirka Abrasives Inc 5B-332-120 General Industrial. Built to industry standards. Specifications: Color: Standard, Material: Steel.",,,,,,,,,,,,,,,,,,,,,,,,,,General Industrial,Color,Standard,,,,,,,,,,,,,,,,,,,,,,,,,,,,,,,,,,,,,,,,,,,,,,,,,,,,,,,,,,,,,,,,,,,,,,,,,,,,,,,,,,,,,,,,,,,,,,,,,,,,,,,,,,,,,,,,,,,,,,,,,,,,,,,,,,,,,,,,,,,,,,,,,,,,,,,,,,,,,,,,,,,,,,,,,,,,,,,,,,,,,,,,,,,,,,,,,,,No
,,,,,,20000010,General Merchandise,Unclassified,General Industrial,1500010,9A-570-240,9A-570-240 Abranet 2.75x30,Generic / Unbranded,Generic / Unbranded,Generic / Unbranded,Mirka Abrasives Inc,Mirka Abrasives Inc,Generic / Unbranded,,9A-570-240,,General Industrial>Unclassified,9A-570-240 General Industrial,9A-570-240 General Industrial,"Mirka Abrasives Inc 9A-570-240 General Industrial - Color: Standard, Material: S","Mirka Abrasives Inc 9A-570-240 General Industrial. Manufacturer Part Number: 9A-570-240. Features & Specifications: Color: Standard, Material: Steel.","Mirka Abrasives Inc 9A-570-240 General Industrial. Color: Standard, Material: Steel","High quality Mirka Abrasives Inc 9A-570-240 General Industrial. Built to industry standards. Specifications: Color: Standard, Material: Steel.",,,,,,,,,,,,,,,,,,,,,,,,,,General Industrial,Color,Standard,,,,,,,,,,,,,,,,,,,,,,,,,,,,,,,,,,,,,,,,,,,,,,,,,,,,,,,,,,,,,,,,,,,,,,,,,,,,,,,,,,,,,,,,,,,,,,,,,,,,,,,,,,,,,,,,,,,,,,,,,,,,,,,,,,,,,,,,,,,,,,,,,,,,,,,,,,,,,,,,,,,,,,,,,,,,,,,,,,,,,,,,,,,,,,,,,,,No
,,,,,,20000011,General Merchandise,Unclassified,General Industrial,1500011,9A-570-320,9A-570-320 Abranet 2.75x30,Generic / Unbranded,Generic / Unbranded,Generic / Unbranded,Mirka Abrasives Inc,Mirka Abrasives Inc,Generic / Unbranded,,9A-570-320,,General Industrial>Unclassified,9A-570-320 General Industrial,9A-570-320 General Industrial,"Mirka Abrasives Inc 9A-570-320 General Industrial - Color: Standard, Material: S","Mirka Abrasives Inc 9A-570-320 General Industrial. Manufacturer Part Number: 9A-570-320. Features & Specifications: Color: Standard, Material: Steel.","Mirka Abrasives Inc 9A-570-320 General Industrial. Color: Standard, Material: Steel","High quality Mirka Abrasives Inc 9A-570-320 General Industrial. Built to industry standards. Specifications: Color: Standard, Material: Steel.",,,,,,,,,,,,,,,,,,,,,,,,,,General Industrial,Color,Standard,,,,,,,,,,,,,,,,,,,,,,,,,,,,,,,,,,,,,,,,,,,,,,,,,,,,,,,,,,,,,,,,,,,,,,,,,,,,,,,,,,,,,,,,,,,,,,,,,,,,,,,,,,,,,,,,,,,,,,,,,,,,,,,,,,,,,,,,,,,,,,,,,,,,,,,,,,,,,,,,,,,,,,,,,,,,,,,,,,,,,,,,,,,,,,,,,,,No
,,,,,,20000012,Abrasives,Coated Abrasives,Sanding Discs,1500012,DBD090094101F,"DBD090094101F Diablo 9"" - Metal Cut-Off Disc",Diablo,Diablo,Diablo,Freud Inc,Freud Inc,Diablo,,DBD090094101F,,Industrial Supplies>Abrasives>Coated Abrasives>Sanding Discs,Diablo DBD090094101F Sanding Discs,DBD090094101F Sanding Discs,"Diablo Freud Inc DBD090094101F Sanding Discs - Color: Standard, Material: Steel","Diablo Freud Inc DBD090094101F Sanding Discs. Manufacturer Part Number: DBD090094101F. Features & Specifications: Color: Standard, Material: Steel.","Diablo Freud Inc DBD090094101F Sanding Discs. Color: Standard, Material: Steel","High quality Diablo Freud Inc DBD090094101F Sanding Discs. Built to industry standards. Specifications: Color: Standard, Material: Steel.",,,,,,,,,,,,,,,,,,,,,,,,,,Sanding Discs,Color,Standard,,,,,,,,,,,,,,,,,,,,,,,,,,,,,,,,,,,,,,,,,,,,,,,,,,,,,,,,,,,,,,,,,,,,,,,,,,,,,,,,,,,,,,,,,,,,,,,,,,,,,,,,,,,,,,,,,,,,,,,,,,,,,,,,,,,,,,,,,,,,,,,,,,,,,,,,,,,,,,,,,,,,,,,,,,,,,,,,,,,,,,,,,,,,,,,,,,,No
,,,,,,20000013,Abrasives,Coated Abrasives,Sanding Discs,1500013,DBDS12125A01F,"DBDS12125A01F Diablo 12"" - Steel Demon Metal Cut-Off Disc",Diablo,Diablo,Diablo,Freud Inc,Freud Inc,Diablo,,DBDS12125A01F,,Industrial Supplies>Abrasives>Coated Abrasives>Sanding Discs,Diablo DBDS12125A01F Sanding Discs,DBDS12125A01F Sanding Discs,"Diablo Freud Inc DBDS12125A01F Sanding Discs - Color: Standard, Material: Steel","Diablo Freud Inc DBDS12125A01F Sanding Discs. Manufacturer Part Number: DBDS12125A01F. Features & Specifications: Color: Standard, Material: Steel.","Diablo Freud Inc DBDS12125A01F Sanding Discs. Color: Standard, Material: Steel","High quality Diablo Freud Inc DBDS12125A01F Sanding Discs. Built to industry standards. Specifications: Color: Standard, Material: Steel.",,,,,,,,,,,,,,,,,,,,,,,,,,Sanding Discs,Color,Standard,,,,,,,,,,,,,,,,,,,,,,,,,,,,,,,,,,,,,,,,,,,,,,,,,,,,,,,,,,,,,,,,,,,,,,,,,,,,,,,,,,,,,,,,,,,,,,,,,,,,,,,,,,,,,,,,,,,,,,,,,,,,,,,,,,,,,,,,,,,,,,,,,,,,,,,,,,,,,,,,,,,,,,,,,,,,,,,,,,,,,,,,,,,,,,,,,,,No
,,,,,,20000014,Abrasives,Coated Abrasives,Sanding Discs,1500014,DBDS12125G01F,"DBDS12125G01F Diablo 12""x20mm - Speed Demon Metal Cut-Off Disc",Diablo,Diablo,Diablo,Freud Inc,Freud Inc,Diablo,,DBDS12125G01F,,Industrial Supplies>Abrasives>Coated Abrasives>Sanding Discs,Diablo DBDS12125G01F Sanding Discs,DBDS12125G01F Sanding Discs,"Diablo Freud Inc DBDS12125G01F Sanding Discs - Color: Standard, Material: Steel","Diablo Freud Inc DBDS12125G01F Sanding Discs. Manufacturer Part Number: DBDS12125G01F. Features & Specifications: Color: Standard, Material: Steel.","Diablo Freud Inc DBDS12125G01F Sanding Discs. Color: Standard, Material: Steel","High quality Diablo Freud Inc DBDS12125G01F Sanding Discs. Built to industry standards. Specifications: Color: Standard, Material: Steel.",,,,,,,,,,,,,,,,,,,,,,,,,,Sanding Discs,Color,Standard,,,,,,,,,,,,,,,,,,,,,,,,,,,,,,,,,,,,,,,,,,,,,,,,,,,,,,,,,,,,,,,,,,,,,,,,,,,,,,,,,,,,,,,,,,,,,,,,,,,,,,,,,,,,,,,,,,,,,,,,,,,,,,,,,,,,,,,,,,,,,,,,,,,,,,,,,,,,,,,,,,,,,,,,,,,,,,,,,,,,,,,,,,,,,,,,,,,No
,,,,,,20000015,Abrasives,Coated Abrasives,Sanding Discs,1500015,DBDS14125A01F,"DBDS14125A01F Diablo 14""x1"" - Steel Demon Metal Cut-Off Disc",Diablo,Diablo,Diablo,Freud Inc,Freud Inc,Diablo,,DBDS14125A01F,,Industrial Supplies>Abrasives>Coated Abrasives>Sanding Discs,Diablo DBDS14125A01F Sanding Discs,DBDS14125A01F Sanding Discs,"Diablo Freud Inc DBDS14125A01F Sanding Discs - Color: Standard, Material: Steel","Diablo Freud Inc DBDS14125A01F Sanding Discs. Manufacturer Part Number: DBDS14125A01F. Features & Specifications: Color: Standard, Material: Steel.","Diablo Freud Inc DBDS14125A01F Sanding Discs. Color: Standard, Material: Steel","High quality Diablo Freud Inc DBDS14125A01F Sanding Discs. Built to industry standards. Specifications: Color: Standard, Material: Steel.",,,,,,,,,,,,,,,,,,,,,,,,,,Sanding Discs,Color,Standard,,,,,,,,,,,,,,,,,,,,,,,,,,,,,,,,,,,,,,,,,,,,,,,,,,,,,,,,,,,,,,,,,,,,,,,,,,,,,,,,,,,,,,,,,,,,,,,,,,,,,,,,,,,,,,,,,,,,,,,,,,,,,,,,,,,,,,,,,,,,,,,,,,,,,,,,,,,,,,,,,,,,,,,,,,,,,,,,,,,,,,,,,,,,,,,,,,,No
,,,,,,20000016,Abrasives,Coated Abrasives,Sanding Discs,1500016,DBDS14125G01F,"DBDS14125G01F Diablo 14""x20mm - Steel Demon Metal Cut-Off Disc",Diablo,Diablo,Diablo,Freud Inc,Freud Inc,Diablo,,DBDS14125G01F,,Industrial Supplies>Abrasives>Coated Abrasives>Sanding Discs,Diablo DBDS14125G01F Sanding Discs,DBDS14125G01F Sanding Discs,"Diablo Freud Inc DBDS14125G01F Sanding Discs - Color: Standard, Material: Steel","Diablo Freud Inc DBDS14125G01F Sanding Discs. Manufacturer Part Number: DBDS14125G01F. Features & Specifications: Color: Standard, Material: Steel.","Diablo Freud Inc DBDS14125G01F Sanding Discs. Color: Standard, Material: Steel","High quality Diablo Freud Inc DBDS14125G01F Sanding Discs. Built to industry standards. Specifications: Color: Standard, Material: Steel.",,,,,,,,,,,,,,,,,,,,,,,,,,Sanding Discs,Color,Standard,,,,,,,,,,,,,,,,,,,,,,,,,,,,,,,,,,,,,,,,,,,,,,,,,,,,,,,,,,,,,,,,,,,,,,,,,,,,,,,,,,,,,,,,,,,,,,,,,,,,,,,,,,,,,,,,,,,,,,,,,,,,,,,,,,,,,,,,,,,,,,,,,,,,,,,,,,,,,,,,,,,,,,,,,,,,,,,,,,,,,,,,,,,,,,,,,,,No
,,,,,,20000017,Abrasives,Coated Abrasives,Sanding Discs,1500017,49-94-0013,"49-94-0013 Milw 5""x.045""x7/8"" Metal Cut Off Disc",Generic / Unbranded,Generic / Unbranded,Generic / Unbranded,Milwaukee Electric Tool,Milwaukee Electric Tool,Generic / Unbranded,,49-94-0013,,Industrial Supplies>Abrasives>Coated Abrasives>Sanding Discs,49-94-0013 Sanding Discs,49-94-0013 Sanding Discs,"Milwaukee Electric Tool 49-94-0013 Sanding Discs - Color: Standard, Material: St","Milwaukee Electric Tool 49-94-0013 Sanding Discs. Manufacturer Part Number: 49-94-0013. Features & Specifications: Color: Standard, Material: Steel.","Milwaukee Electric Tool 49-94-0013 Sanding Discs. Color: Standard, Material: Steel","High quality Milwaukee Electric Tool 49-94-0013 Sanding Discs. Built to industry standards. Specifications: Color: Standard, Material: Steel.",,,,,,,,,,,,,,,,,,,,,,,,,,Sanding Discs,Color,Standard,,,,,,,,,,,,,,,,,,,,,,,,,,,,,,,,,,,,,,,,,,,,,,,,,,,,,,,,,,,,,,,,,,,,,,,,,,,,,,,,,,,,,,,,,,,,,,,,,,,,,,,,,,,,,,,,,,,,,,,,,,,,,,,,,,,,,,,,,,,,,,,,,,,,,,,,,,,,,,,,,,,,,,,,,,,,,,,,,,,,,,,,,,,,,,,,,,,No
,,,,,,20000018,Abrasives,Coated Abrasives,Sanding Discs,1500018,49-94-0029,"49-94-0029 Milw 6-1/2""x1/8""x5/8"" DKO Metal Cut Off Disc",Generic / Unbranded,Generic / Unbranded,Generic / Unbranded,Milwaukee Electric Tool,Milwaukee Electric Tool,Generic / Unbranded,,49-94-0029,,Industrial Supplies>Abrasives>Coated Abrasives>Sanding Discs,49-94-0029 Sanding Discs,49-94-0029 Sanding Discs,"Milwaukee Electric Tool 49-94-0029 Sanding Discs - Color: Standard, Material: St","Milwaukee Electric Tool 49-94-0029 Sanding Discs. Manufacturer Part Number: 49-94-0029. Features & Specifications: Color: Standard, Material: Steel.","Milwaukee Electric Tool 49-94-0029 Sanding Discs. Color: Standard, Material: Steel","High quality Milwaukee Electric Tool 49-94-0029 Sanding Discs. Built to industry standards. Specifications: Color: Standard, Material: Steel.",,,,,,,,,,,,,,,,,,,,,,,,,,Sanding Discs,Color,Standard,,,,,,,,,,,,,,,,,,,,,,,,,,,,,,,,,,,,,,,,,,,,,,,,,,,,,,,,,,,,,,,,,,,,,,,,,,,,,,,,,,,,,,,,,,,,,,,,,,,,,,,,,,,,,,,,,,,,,,,,,,,,,,,,,,,,,,,,,,,,,,,,,,,,,,,,,,,,,,,,,,,,,,,,,,,,,,,,,,,,,,,,,,,,,,,,,,,No
,,,,,,20000019,Abrasives,Coated Abrasives,Sanding Discs,1500019,49-94-0033,"49-94-0033 Milw 7""x1/16""x7/8"" Metal Cut Off Disc",Generic / Unbranded,Generic / Unbranded,Generic / Unbranded,Milwaukee Electric Tool,Milwaukee Electric Tool,Generic / Unbranded,,49-94-0033,,Industrial Supplies>Abrasives>Coated Abrasives>Sanding Discs,49-94-0033 Sanding Discs,49-94-0033 Sanding Discs,"Milwaukee Electric Tool 49-94-0033 Sanding Discs - Color: Standard, Material: St","Milwaukee Electric Tool 49-94-0033 Sanding Discs. Manufacturer Part Number: 49-94-0033. Features & Specifications: Color: Standard, Material: Steel.","Milwaukee Electric Tool 49-94-0033 Sanding Discs. Color: Standard, Material: Steel","High quality Milwaukee Electric Tool 49-94-0033 Sanding Discs. Built to industry standards. Specifications: Color: Standard, Material: Steel.",,,,,,,,,,,,,,,,,,,,,,,,,,Sanding Discs,Color,Standard,,,,,,,,,,,,,,,,,,,,,,,,,,,,,,,,,,,,,,,,,,,,,,,,,,,,,,,,,,,,,,,,,,,,,,,,,,,,,,,,,,,,,,,,,,,,,,,,,,,,,,,,,,,,,,,,,,,,,,,,,,,,,,,,,,,,,,,,,,,,,,,,,,,,,,,,,,,,,,,,,,,,,,,,,,,,,,,,,,,,,,,,,,,,,,,,,,,No
,,,,,,20000020,Abrasives,Coated Abrasives,Sanding Discs,1500020,49-94-0001,"49-94-0001 Milw 4""x.040""x5/8"" Metal Cut Off Disc",Generic / Unbranded,Generic / Unbranded,Generic / Unbranded,Milwaukee Electric Tool,Milwaukee Electric Tool,Generic / Unbranded,,49-94-0001,,Industrial Supplies>Abrasives>Coated Abrasives>Sanding Discs,49-94-0001 Sanding Discs,49-94-0001 Sanding Discs,"Milwaukee Electric Tool 49-94-0001 Sanding Discs - Color: Standard, Material: St","Milwaukee Electric Tool 49-94-0001 Sanding Discs. Manufacturer Part Number: 49-94-0001. Features & Specifications: Color: Standard, Material: Steel.","Milwaukee Electric Tool 49-94-0001 Sanding Discs. Color: Standard, Material: Steel","High quality Milwaukee Electric Tool 49-94-0001 Sanding Discs. Built to industry standards. Specifications: Color: Standard, Material: Steel.",,,,,,,,,,,,,,,,,,,,,,,,,,Sanding Discs,Color,Standard,,,,,,,,,,,,,,,,,,,,,,,,,,,,,,,,,,,,,,,,,,,,,,,,,,,,,,,,,,,,,,,,,,,,,,,,,,,,,,,,,,,,,,,,,,,,,,,,,,,,,,,,,,,,,,,,,,,,,,,,,,,,,,,,,,,,,,,,,,,,,,,,,,,,,,,,,,,,,,,,,,,,,,,,,,,,,,,,,,,,,,,,,,,,,,,,,,,No
,,,,,,20000021,Abrasives,Coated Abrasives,Sanding Discs,1500021,49-94-0039,"49-94-0039 Milw 7""x1/8""x5/8"" DKO Metal Cut Off Disc",Generic / Unbranded,Generic / Unbranded,Generic / Unbranded,Milwaukee Electric Tool,Milwaukee Electric Tool,Generic / Unbranded,,49-94-0039,,Industrial Supplies>Abrasives>Coated Abrasives>Sanding Discs,49-94-0039 Sanding Discs,49-94-0039 Sanding Discs,"Milwaukee Electric Tool 49-94-0039 Sanding Discs - Color: Standard, Material: St","Milwaukee Electric Tool 49-94-0039 Sanding Discs. Manufacturer Part Number: 49-94-0039. Features & Specifications: Color: Standard, Material: Steel.","Milwaukee Electric Tool 49-94-0039 Sanding Discs. Color: Standard, Material: Steel","High quality Milwaukee Electric Tool 49-94-0039 Sanding Discs. Built to industry standards. Specifications: Color: Standard, Material: Steel.",,,,,,,,,,,,,,,,,,,,,,,,,,Sanding Discs,Color,Standard,,,,,,,,,,,,,,,,,,,,,,,,,,,,,,,,,,,,,,,,,,,,,,,,,,,,,,,,,,,,,,,,,,,,,,,,,,,,,,,,,,,,,,,,,,,,,,,,,,,,,,,,,,,,,,,,,,,,,,,,,,,,,,,,,,,,,,,,,,,,,,,,,,,,,,,,,,,,,,,,,,,,,,,,,,,,,,,,,,,,,,,,,,,,,,,,,,,No
,,,,,,20000022,Abrasives,Coated Abrasives,Sanding Discs,1500022,49-94-0043,"49-94-0043 Milw 9""x3/32""x7/8"" Metal Cut Off Disc",Generic / Unbranded,Generic / Unbranded,Generic / Unbranded,Milwaukee Electric Tool,Milwaukee Electric Tool,Generic / Unbranded,,49-94-0043,,Industrial Supplies>Abrasives>Coated Abrasives>Sanding Discs,49-94-0043 Sanding Discs,49-94-0043 Sanding Discs,"Milwaukee Electric Tool 49-94-0043 Sanding Discs - Color: Standard, Material: St","Milwaukee Electric Tool 49-94-0043 Sanding Discs. Manufacturer Part Number: 49-94-0043. Features & Specifications: Color: Standard, Material: Steel.","Milwaukee Electric Tool 49-94-0043 Sanding Discs. Color: Standard, Material: Steel","High quality Milwaukee Electric Tool 49-94-0043 Sanding Discs. Built to industry standards. Specifications: Color: Standard, Material: Steel.",,,,,,,,,,,,,,,,,,,,,,,,,,Sanding Discs,Color,Standard,,,,,,,,,,,,,,,,,,,,,,,,,,,,,,,,,,,,,,,,,,,,,,,,,,,,,,,,,,,,,,,,,,,,,,,,,,,,,,,,,,,,,,,,,,,,,,,,,,,,,,,,,,,,,,,,,,,,,,,,,,,,,,,,,,,,,,,,,,,,,,,,,,,,,,,,,,,,,,,,,,,,,,,,,,,,,,,,,,,,,,,,,,,,,,,,,,,No
,,,,,,20000023,Abrasives,Coated Abrasives,Sanding Discs,1500023,49-94-0048,"49-94-0048 Milw 12""x7/64""x1"" Metal Cut Off Disc General Purpose",Generic / Unbranded,Generic / Unbranded,Generic / Unbranded,Milwaukee Electric Tool,Milwaukee Electric Tool,Generic / Unbranded,,49-94-0048,,Industrial Supplies>Abrasives>Coated Abrasives>Sanding Discs,49-94-0048 Sanding Discs,49-94-0048 Sanding Discs,"Milwaukee Electric Tool 49-94-0048 Sanding Discs - Color: Standard, Material: St","Milwaukee Electric Tool 49-94-0048 Sanding Discs. Manufacturer Part Number: 49-94-0048. Features & Specifications: Color: Standard, Material: Steel.","Milwaukee Electric Tool 49-94-0048 Sanding Discs. Color: Standard, Material: Steel","High quality Milwaukee Electric Tool 49-94-0048 Sanding Discs. Built to industry standards. Specifications: Color: Standard, Material: Steel.",,,,,,,,,,,,,,,,,,,,,,,,,,Sanding Discs,Color,Standard,,,,,,,,,,,,,,,,,,,,,,,,,,,,,,,,,,,,,,,,,,,,,,,,,,,,,,,,,,,,,,,,,,,,,,,,,,,,,,,,,,,,,,,,,,,,,,,,,,,,,,,,,,,,,,,,,,,,,,,,,,,,,,,,,,,,,,,,,,,,,,,,,,,,,,,,,,,,,,,,,,,,,,,,,,,,,,,,,,,,,,,,,,,,,,,,,,,No
,,,,,,20000024,Abrasives,Coated Abrasives,Sanding Discs,1500024,49-94-0053,"49-94-0053 Milw 12""x1/8""x1"" Metal Cut Off Disc",Generic / Unbranded,Generic / Unbranded,Generic / Unbranded,Milwaukee Electric Tool,Milwaukee Electric Tool,Generic / Unbranded,,49-94-0053,,Industrial Supplies>Abrasives>Coated Abrasives>Sanding Discs,49-94-0053 Sanding Discs,49-94-0053 Sanding Discs,"Milwaukee Electric Tool 49-94-0053 Sanding Discs - Color: Standard, Material: St","Milwaukee Electric Tool 49-94-0053 Sanding Discs. Manufacturer Part Number: 49-94-0053. Features & Specifications: Color: Standard, Material: Steel.","Milwaukee Electric Tool 49-94-0053 Sanding Discs. Color: Standard, Material: Steel","High quality Milwaukee Electric Tool 49-94-0053 Sanding Discs. Built to industry standards. Specifications: Color: Standard, Material: Steel.",,,,,,,,,,,,,,,,,,,,,,,,,,Sanding Discs,Color,Standard,,,,,,,,,,,,,,,,,,,,,,,,,,,,,,,,,,,,,,,,,,,,,,,,,,,,,,,,,,,,,,,,,,,,,,,,,,,,,,,,,,,,,,,,,,,,,,,,,,,,,,,,,,,,,,,,,,,,,,,,,,,,,,,,,,,,,,,,,,,,,,,,,,,,,,,,,,,,,,,,,,,,,,,,,,,,,,,,,,,,,,,,,,,,,,,,,,,No
,,,,,,20000025,Abrasives,Coated Abrasives,Sanding Discs,1500025,49-94-0058,"49-94-0058 Milw 12""x1/8""x20mm Metal Cut Off Disc",Generic / Unbranded,Generic / Unbranded,Generic / Unbranded,Milwaukee Electric Tool,Milwaukee Electric Tool,Generic / Unbranded,,49-94-0058,,Industrial Supplies>Abrasives>Coated Abrasives>Sanding Discs,49-94-0058 Sanding Discs,49-94-0058 Sanding Discs,"Milwaukee Electric Tool 49-94-0058 Sanding Discs - Color: Standard, Material: St","Milwaukee Electric Tool 49-94-0058 Sanding Discs. Manufacturer Part Number: 49-94-0058. Features & Specifications: Color: Standard, Material: Steel.","Milwaukee Electric Tool 49-94-0058 Sanding Discs. Color: Standard, Material: Steel","High quality Milwaukee Electric Tool 49-94-0058 Sanding Discs. Built to industry standards. Specifications: Color: Standard, Material: Steel.",,,,,,,,,,,,,,,,,,,,,,,,,,Sanding Discs,Color,Standard,,,,,,,,,,,,,,,,,,,,,,,,,,,,,,,,,,,,,,,,,,,,,,,,,,,,,,,,,,,,,,,,,,,,,,,,,,,,,,,,,,,,,,,,,,,,,,,,,,,,,,,,,,,,,,,,,,,,,,,,,,,,,,,,,,,,,,,,,,,,,,,,,,,,,,,,,,,,,,,,,,,,,,,,,,,,,,,,,,,,,,,,,,,,,,,,,,,No
,,,,,,20000026,Abrasives,Coated Abrasives,Sanding Discs,1500026,49-94-0063,"49-94-0063 Milw 14""x7/64""x1"" Metal Cut Off Disc General Purpose",Generic / Unbranded,Generic / Unbranded,Generic / Unbranded,Milwaukee Electric Tool,Milwaukee Electric Tool,Generic / Unbranded,,49-94-0063,,Industrial Supplies>Abrasives>Coated Abrasives>Sanding Discs,49-94-0063 Sanding Discs,49-94-0063 Sanding Discs,"Milwaukee Electric Tool 49-94-0063 Sanding Discs - Color: Standard, Material: St","Milwaukee Electric Tool 49-94-0063 Sanding Discs. Manufacturer Part Number: 49-94-0063. Features & Specifications: Color: Standard, Material: Steel.","Milwaukee Electric Tool 49-94-0063 Sanding Discs. Color: Standard, Material: Steel","High quality Milwaukee Electric Tool 49-94-0063 Sanding Discs. Built to industry standards. Specifications: Color: Standard, Material: Steel.",,,,,,,,,,,,,,,,,,,,,,,,,,Sanding Discs,Color,Standard,,,,,,,,,,,,,,,,,,,,,,,,,,,,,,,,,,,,,,,,,,,,,,,,,,,,,,,,,,,,,,,,,,,,,,,,,,,,,,,,,,,,,,,,,,,,,,,,,,,,,,,,,,,,,,,,,,,,,,,,,,,,,,,,,,,,,,,,,,,,,,,,,,,,,,,,,,,,,,,,,,,,,,,,,,,,,,,,,,,,,,,,,,,,,,,,,,,No
,,,,,,20000027,Abrasives,Coated Abrasives,Sanding Discs,1500027,49-94-0068,"49-94-0068 Milw 14""x1/8""x20mm Metal Cut Off Disc",Generic / Unbranded,Generic / Unbranded,Generic / Unbranded,Milwaukee Electric Tool,Milwaukee Electric Tool,Generic / Unbranded,,49-94-0068,,Industrial Supplies>Abrasives>Coated Abrasives>Sanding Discs,49-94-0068 Sanding Discs,49-94-0068 Sanding Discs,"Milwaukee Electric Tool 49-94-0068 Sanding Discs - Color: Standard, Material: St","Milwaukee Electric Tool 49-94-0068 Sanding Discs. Manufacturer Part Number: 49-94-0068. Features & Specifications: Color: Standard, Material: Steel.","Milwaukee Electric Tool 49-94-0068 Sanding Discs. Color: Standard, Material: Steel","High quality Milwaukee Electric Tool 49-94-0068 Sanding Discs. Built to industry standards. Specifications: Color: Standard, Material: Steel.",,,,,,,,,,,,,,,,,,,,,,,,,,Sanding Discs,Color,Standard,,,,,,,,,,,,,,,,,,,,,,,,,,,,,,,,,,,,,,,,,,,,,,,,,,,,,,,,,,,,,,,,,,,,,,,,,,,,,,,,,,,,,,,,,,,,,,,,,,,,,,,,,,,,,,,,,,,,,,,,,,,,,,,,,,,,,,,,,,,,,,,,,,,,,,,,,,,,,,,,,,,,,,,,,,,,,,,,,,,,,,,,,,,,,,,,,,,No
,,,,,,20000028,Abrasives,Coated Abrasives,Sanding Discs,1500028,49-94-0073,"49-94-0073 Milw 14""x1/8""x1"" Metal Cut Off Disc",Generic / Unbranded,Generic / Unbranded,Generic / Unbranded,Milwaukee Electric Tool,Milwaukee Electric Tool,Generic / Unbranded,,49-94-0073,,Industrial Supplies>Abrasives>Coated Abrasives>Sanding Discs,49-94-0073 Sanding Discs,49-94-0073 Sanding Discs,"Milwaukee Electric Tool 49-94-0073 Sanding Discs - Color: Standard, Material: St","Milwaukee Electric Tool 49-94-0073 Sanding Discs. Manufacturer Part Number: 49-94-0073. Features & Specifications: Color: Standard, Material: Steel.","Milwaukee Electric Tool 49-94-0073 Sanding Discs. Color: Standard, Material: Steel","High quality Milwaukee Electric Tool 49-94-0073 Sanding Discs. Built to industry standards. Specifications: Color: Standard, Material: Steel.",,,,,,,,,,,,,,,,,,,,,,,,,,Sanding Discs,Color,Standard,,,,,,,,,,,,,,,,,,,,,,,,,,,,,,,,,,,,,,,,,,,,,,,,,,,,,,,,,,,,,,,,,,,,,,,,,,,,,,,,,,,,,,,,,,,,,,,,,,,,,,,,,,,,,,,,,,,,,,,,,,,,,,,,,,,,,,,,,,,,,,,,,,,,,,,,,,,,,,,,,,,,,,,,,,,,,,,,,,,,,,,,,,,,,,,,,,,No
,,,,,,20000029,Abrasives,Coated Abrasives,Sanding Discs,1500029,49-94-0101,"49-94-0101 Milw 4-1/2""x.045""x7/8"" Perform+ Metal Cut Off Disc 10pc",Generic / Unbranded,Generic / Unbranded,Generic / Unbranded,Milwaukee Electric Tool,Milwaukee Electric Tool,Generic / Unbranded,,49-94-0101,,Industrial Supplies>Abrasives>Coated Abrasives>Sanding Discs,49-94-0101 Sanding Discs,49-94-0101 Sanding Discs,"Milwaukee Electric Tool 49-94-0101 Sanding Discs - Color: Standard, Material: St","Milwaukee Electric Tool 49-94-0101 Sanding Discs. Manufacturer Part Number: 49-94-0101. Features & Specifications: Color: Standard, Material: Steel.","Milwaukee Electric Tool 49-94-0101 Sanding Discs. Color: Standard, Material: Steel","High quality Milwaukee Electric Tool 49-94-0101 Sanding Discs. Built to industry standards. Specifications: Color: Standard, Material: Steel.",,,,,,,,,,,,,,,,,,,,,,,,,,Sanding Discs,Color,Standard,,,,,,,,,,,,,,,,,,,,,,,,,,,,,,,,,,,,,,,,,,,,,,,,,,,,,,,,,,,,,,,,,,,,,,,,,,,,,,,,,,,,,,,,,,,,,,,,,,,,,,,,,,,,,,,,,,,,,,,,,,,,,,,,,,,,,,,,,,,,,,,,,,,,,,,,,,,,,,,,,,,,,,,,,,,,,,,,,,,,,,,,,,,,,,,,,,,No
,,,,,,20000030,Abrasives,Coated Abrasives,Sanding Discs,1500030,49-94-0107,"49-94-0107 Milw 4-1/2""x.045""x7/8"" Performance+ Metal Cut Off Disc",Generic / Unbranded,Generic / Unbranded,Generic / Unbranded,Milwaukee Electric Tool,Milwaukee Electric Tool,Generic / Unbranded,,49-94-0107,,Industrial Supplies>Abrasives>Coated Abrasives>Sanding Discs,49-94-0107 Sanding Discs,49-94-0107 Sanding Discs,"Milwaukee Electric Tool 49-94-0107 Sanding Discs - Color: Standard, Material: St","Milwaukee Electric Tool 49-94-0107 Sanding Discs. Manufacturer Part Number: 49-94-0107. Features & Specifications: Color: Standard, Material: Steel.","Milwaukee Electric Tool 49-94-0107 Sanding Discs. Color: Standard, Material: Steel","High quality Milwaukee Electric Tool 49-94-0107 Sanding Discs. Built to industry standards. Specifications: Color: Standard, Material: Steel.",,,,,,,,,,,,,,,,,,,,,,,,,,Sanding Discs,Color,Standard,,,,,,,,,,,,,,,,,,,,,,,,,,,,,,,,,,,,,,,,,,,,,,,,,,,,,,,,,,,,,,,,,,,,,,,,,,,,,,,,,,,,,,,,,,,,,,,,,,,,,,,,,,,,,,,,,,,,,,,,,,,,,,,,,,,,,,,,,,,,,,,,,,,,,,,,,,,,,,,,,,,,,,,,,,,,,,,,,,,,,,,,,,,,,,,,,,,No
,,,,,,20000031,Abrasives,Coated Abrasives,Sanding Discs,1500031,49-94-0117,"49-94-0117 Milw 5""x.045""x7/8"" Performance+ Metal Cut Off Disc",Generic / Unbranded,Generic / Unbranded,Generic / Unbranded,Milwaukee Electric Tool,Milwaukee Electric Tool,Generic / Unbranded,,49-94-0117,,Industrial Supplies>Abrasives>Coated Abrasives>Sanding Discs,49-94-0117 Sanding Discs,49-94-0117 Sanding Discs,"Milwaukee Electric Tool 49-94-0117 Sanding Discs - Color: Standard, Material: St","Milwaukee Electric Tool 49-94-0117 Sanding Discs. Manufacturer Part Number: 49-94-0117. Features & Specifications: Color: Standard, Material: Steel.","Milwaukee Electric Tool 49-94-0117 Sanding Discs. Color: Standard, Material: Steel","High quality Milwaukee Electric Tool 49-94-0117 Sanding Discs. Built to industry standards. Specifications: Color: Standard, Material: Steel.",,,,,,,,,,,,,,,,,,,,,,,,,,Sanding Discs,Color,Standard,,,,,,,,,,,,,,,,,,,,,,,,,,,,,,,,,,,,,,,,,,,,,,,,,,,,,,,,,,,,,,,,,,,,,,,,,,,,,,,,,,,,,,,,,,,,,,,,,,,,,,,,,,,,,,,,,,,,,,,,,,,,,,,,,,,,,,,,,,,,,,,,,,,,,,,,,,,,,,,,,,,,,,,,,,,,,,,,,,,,,,,,,,,,,,,,,,,No
,,,,,,20000032,Abrasives,Coated Abrasives,Sanding Discs,1500032,49-94-0123,"49-94-0123 Milw 6""x.045""x7/8"" Performance+ Metal Cut Off Disc",Generic / Unbranded,Generic / Unbranded,Generic / Unbranded,Milwaukee Electric Tool,Milwaukee Electric Tool,Generic / Unbranded,,49-94-0123,,Industrial Supplies>Abrasives>Coated Abrasives>Sanding Discs,49-94-0123 Sanding Discs,49-94-0123 Sanding Discs,"Milwaukee Electric Tool 49-94-0123 Sanding Discs - Color: Standard, Material: St","Milwaukee Electric Tool 49-94-0123 Sanding Discs. Manufacturer Part Number: 49-94-0123. Features & Specifications: Color: Standard, Material: Steel.","Milwaukee Electric Tool 49-94-0123 Sanding Discs. Color: Standard, Material: Steel","High quality Milwaukee Electric Tool 49-94-0123 Sanding Discs. Built to industry standards. Specifications: Color: Standard, Material: Steel.",,,,,,,,,,,,,,,,,,,,,,,,,,Sanding Discs,Color,Standard,,,,,,,,,,,,,,,,,,,,,,,,,,,,,,,,,,,,,,,,,,,,,,,,,,,,,,,,,,,,,,,,,,,,,,,,,,,,,,,,,,,,,,,,,,,,,,,,,,,,,,,,,,,,,,,,,,,,,,,,,,,,,,,,,,,,,,,,,,,,,,,,,,,,,,,,,,,,,,,,,,,,,,,,,,,,,,,,,,,,,,,,,,,,,,,,,,,No
,,,,,,20000033,Abrasives,Coated Abrasives,Sanding Discs,1500033,49-94-0023,"49-94-0023 Milw 6""x.045""x7/8"" Metal Cut Off Disc",Generic / Unbranded,Generic / Unbranded,Generic / Unbranded,Milwaukee Electric Tool,Milwaukee Electric Tool,Generic / Unbranded,,49-94-0023,,Industrial Supplies>Abrasives>Coated Abrasives>Sanding Discs,49-94-0023 Sanding Discs,49-94-0023 Sanding Discs,"Milwaukee Electric Tool 49-94-0023 Sanding Discs - Color: Standard, Material: St","Milwaukee Electric Tool 49-94-0023 Sanding Discs. Manufacturer Part Number: 49-94-0023. Features & Specifications: Color: Standard, Material: Steel.","Milwaukee Electric Tool 49-94-0023 Sanding Discs. Color: Standard, Material: Steel","High quality Milwaukee Electric Tool 49-94-0023 Sanding Discs. Built to industry standards. Specifications: Color: Standard, Material: Steel.",,,,,,,,,,,,,,,,,,,,,,,,,,Sanding Discs,Color,Standard,,,,,,,,,,,,,,,,,,,,,,,,,,,,,,,,,,,,,,,,,,,,,,,,,,,,,,,,,,,,,,,,,,,,,,,,,,,,,,,,,,,,,,,,,,,,,,,,,,,,,,,,,,,,,,,,,,,,,,,,,,,,,,,,,,,,,,,,,,,,,,,,,,,,,,,,,,,,,,,,,,,,,,,,,,,,,,,,,,,,,,,,,,,,,,,,,,,No
,,,,,,20000034,Abrasives,Coated Abrasives,Sanding Discs,1500034,49-94-0121,"49-94-0121 Milw 6""x.045""x7/8"" Performance+ Metal Cut Off Disc 10pc",Generic / Unbranded,Generic / Unbranded,Generic / Unbranded,Milwaukee Electric Tool,Milwaukee Electric Tool,Generic / Unbranded,,49-94-0121,,Industrial Supplies>Abrasives>Coated Abrasives>Sanding Discs,49-94-0121 Sanding Discs,49-94-0121 Sanding Discs,"Milwaukee Electric Tool 49-94-0121 Sanding Discs - Color: Standard, Material: St","Milwaukee Electric Tool 49-94-0121 Sanding Discs. Manufacturer Part Number: 49-94-0121. Features & Specifications: Color: Standard, Material: Steel.","Milwaukee Electric Tool 49-94-0121 Sanding Discs. Color: Standard, Material: Steel","High quality Milwaukee Electric Tool 49-94-0121 Sanding Discs. Built to industry standards. Specifications: Color: Standard, Material: Steel.",,,,,,,,,,,,,,,,,,,,,,,,,,Sanding Discs,Color,Standard,,,,,,,,,,,,,,,,,,,,,,,,,,,,,,,,,,,,,,,,,,,,,,,,,,,,,,,,,,,,,,,,,,,,,,,,,,,,,,,,,,,,,,,,,,,,,,,,,,,,,,,,,,,,,,,,,,,,,,,,,,,,,,,,,,,,,,,,,,,,,,,,,,,,,,,,,,,,,,,,,,,,,,,,,,,,,,,,,,,,,,,,,,,,,,,,,,,No
,,,,,,20000035,Abrasives,Coated Abrasives,Sanding Discs,1500035,49-94-0127,"49-94-0127 Milw 6""x.045""x7/8"" Performance+Metal Cut Off Disc",Generic / Unbranded,Generic / Unbranded,Generic / Unbranded,Milwaukee Electric Tool,Milwaukee Electric Tool,Generic / Unbranded,,49-94-0127,,Industrial Supplies>Abrasives>Coated Abrasives>Sanding Discs,49-94-0127 Sanding Discs,49-94-0127 Sanding Discs,"Milwaukee Electric Tool 49-94-0127 Sanding Discs - Color: Standard, Material: St","Milwaukee Electric Tool 49-94-0127 Sanding Discs. Manufacturer Part Number: 49-94-0127. Features & Specifications: Color: Standard, Material: Steel.","Milwaukee Electric Tool 49-94-0127 Sanding Discs. Color: Standard, Material: Steel","High quality Milwaukee Electric Tool 49-94-0127 Sanding Discs. Built to industry standards. Specifications: Color: Standard, Material: Steel.",,,,,,,,,,,,,,,,,,,,,,,,,,Sanding Discs,Color,Standard,,,,,,,,,,,,,,,,,,,,,,,,,,,,,,,,,,,,,,,,,,,,,,,,,,,,,,,,,,,,,,,,,,,,,,,,,,,,,,,,,,,,,,,,,,,,,,,,,,,,,,,,,,,,,,,,,,,,,,,,,,,,,,,,,,,,,,,,,,,,,,,,,,,,,,,,,,,,,,,,,,,,,,,,,,,,,,,,,,,,,,,,,,,,,,,,,,,No
,,,,,,20000036,Abrasives,Coated Abrasives,Sanding Discs,1500036,49-94-0137,"49-94-0137 Milw 7""x3/32""x7/8"" Performance+ Metal Cut Off Disc",Generic / Unbranded,Generic / Unbranded,Generic / Unbranded,Milwaukee Electric Tool,Milwaukee Electric Tool,Generic / Unbranded,,49-94-0137,,Industrial Supplies>Abrasives>Coated Abrasives>Sanding Discs,49-94-0137 Sanding Discs,49-94-0137 Sanding Discs,"Milwaukee Electric Tool 49-94-0137 Sanding Discs - Color: Standard, Material: St","Milwaukee Electric Tool 49-94-0137 Sanding Discs. Manufacturer Part Number: 49-94-0137. Features & Specifications: Color: Standard, Material: Steel.","Milwaukee Electric Tool 49-94-0137 Sanding Discs. Color: Standard, Material: Steel","High quality Milwaukee Electric Tool 49-94-0137 Sanding Discs. Built to industry standards. Specifications: Color: Standard, Material: Steel.",,,,,,,,,,,,,,,,,,,,,,,,,,Sanding Discs,Color,Standard,,,,,,,,,,,,,,,,,,,,,,,,,,,,,,,,,,,,,,,,,,,,,,,,,,,,,,,,,,,,,,,,,,,,,,,,,,,,,,,,,,,,,,,,,,,,,,,,,,,,,,,,,,,,,,,,,,,,,,,,,,,,,,,,,,,,,,,,,,,,,,,,,,,,,,,,,,,,,,,,,,,,,,,,,,,,,,,,,,,,,,,,,,,,,,,,,,,No
,,,,,,20000037,Abrasives,Coated Abrasives,Sanding Discs,1500037,49-94-0160,"49-94-0160 Milw 14""x7/64""x1"" Performance+ Metal Cut Off Disc",Generic / Unbranded,Generic / Unbranded,Generic / Unbranded,Milwaukee Electric Tool,Milwaukee Electric Tool,Generic / Unbranded,,49-94-0160,,Industrial Supplies>Abrasives>Coated Abrasives>Sanding Discs,49-94-0160 Sanding Discs,49-94-0160 Sanding Discs,"Milwaukee Electric Tool 49-94-0160 Sanding Discs - Color: Standard, Material: St","Milwaukee Electric Tool 49-94-0160 Sanding Discs. Manufacturer Part Number: 49-94-0160. Features & Specifications: Color: Standard, Material: Steel.","Milwaukee Electric Tool 49-94-0160 Sanding Discs. Color: Standard, Material: Steel","High quality Milwaukee Electric Tool 49-94-0160 Sanding Discs. Built to industry standards. Specifications: Color: Standard, Material: Steel.",,,,,,,,,,,,,,,,,,,,,,,,,,Sanding Discs,Color,Standard,,,,,,,,,,,,,,,,,,,,,,,,,,,,,,,,,,,,,,,,,,,,,,,,,,,,,,,,,,,,,,,,,,,,,,,,,,,,,,,,,,,,,,,,,,,,,,,,,,,,,,,,,,,,,,,,,,,,,,,,,,,,,,,,,,,,,,,,,,,,,,,,,,,,,,,,,,,,,,,,,,,,,,,,,,,,,,,,,,,,,,,,,,,,,,,,,,,No
,,,,,,20000038,Abrasives,Coated Abrasives,Sanding Discs,1500038,49-94-0223,"49-94-0223 Milw 6""x.045""x7/8"" Ceramic+ Metal Cut Off Disc",Generic / Unbranded,Generic / Unbranded,Generic / Unbranded,Milwaukee Electric Tool,Milwaukee Electric Tool,Generic / Unbranded,,49-94-0223,,Industrial Supplies>Abrasives>Coated Abrasives>Sanding Discs,49-94-0223 Sanding Discs,49-94-0223 Sanding Discs,"Milwaukee Electric Tool 49-94-0223 Sanding Discs - Color: Standard, Material: St","Milwaukee Electric Tool 49-94-0223 Sanding Discs. Manufacturer Part Number: 49-94-0223. Features & Specifications: Color: Standard, Material: Steel.","Milwaukee Electric Tool 49-94-0223 Sanding Discs. Color: Standard, Material: Steel","High quality Milwaukee Electric Tool 49-94-0223 Sanding Discs. Built to industry standards. Specifications: Color: Standard, Material: Steel.",,,,,,,,,,,,,,,,,,,,,,,,,,Sanding Discs,Color,Standard,,,,,,,,,,,,,,,,,,,,,,,,,,,,,,,,,,,,,,,,,,,,,,,,,,,,,,,,,,,,,,,,,,,,,,,,,,,,,,,,,,,,,,,,,,,,,,,,,,,,,,,,,,,,,,,,,,,,,,,,,,,,,,,,,,,,,,,,,,,,,,,,,,,,,,,,,,,,,,,,,,,,,,,,,,,,,,,,,,,,,,,,,,,,,,,,,,,No
,,,,,,20000039,Abrasives,Coated Abrasives,Sanding Discs,1500039,49-94-0445,"49-94-0445 Milw 10""x3/32""x5/8"" Performance+ Metal Cut Off Disc",Generic / Unbranded,Generic / Unbranded,Generic / Unbranded,Milwaukee Electric Tool,Milwaukee Electric Tool,Generic / Unbranded,,49-94-0445,,Industrial Supplies>Abrasives>Coated Abrasives>Sanding Discs,49-94-0445 Sanding Discs,49-94-0445 Sanding Discs,"Milwaukee Electric Tool 49-94-0445 Sanding Discs - Color: Standard, Material: St","Milwaukee Electric Tool 49-94-0445 Sanding Discs. Manufacturer Part Number: 49-94-0445. Features & Specifications: Color: Standard, Material: Steel.","Milwaukee Electric Tool 49-94-0445 Sanding Discs. Color: Standard, Material: Steel","High quality Milwaukee Electric Tool 49-94-0445 Sanding Discs. Built to industry standards. Specifications: Color: Standard, Material: Steel.",,,,,,,,,,,,,,,,,,,,,,,,,,Sanding Discs,Color,Standard,,,,,,,,,,,,,,,,,,,,,,,,,,,,,,,,,,,,,,,,,,,,,,,,,,,,,,,,,,,,,,,,,,,,,,,,,,,,,,,,,,,,,,,,,,,,,,,,,,,,,,,,,,,,,,,,,,,,,,,,,,,,,,,,,,,,,,,,,,,,,,,,,,,,,,,,,,,,,,,,,,,,,,,,,,,,,,,,,,,,,,,,,,,,,,,,,,,No
,,,,,,20000040,Abrasives,Coated Abrasives,Sanding Discs,1500040,49-94-0803,"49-94-0803 Milw 4-1/2""x1/8""x7/8"" Dual Metal Cut and Grind Disc",Generic / Unbranded,Generic / Unbranded,Generic / Unbranded,Milwaukee Electric Tool,Milwaukee Electric Tool,Generic / Unbranded,,49-94-0803,,Industrial Supplies>Abrasives>Coated Abrasives>Sanding Discs,49-94-0803 Sanding Discs,49-94-0803 Sanding Discs,"Milwaukee Electric Tool 49-94-0803 Sanding Discs - Color: Standard, Material: St","Milwaukee Electric Tool 49-94-0803 Sanding Discs. Manufacturer Part Number: 49-94-0803. Features & Specifications: Color: Standard, Material: Steel.","Milwaukee Electric Tool 49-94-0803 Sanding Discs. Color: Standard, Material: Steel","High quality Milwaukee Electric Tool 49-94-0803 Sanding Discs. Built to industry standards. Specifications: Color: Standard, Material: Steel.",,,,,,,,,,,,,,,,,,,,,,,,,,Sanding Discs,Color,Standard,,,,,,,,,,,,,,,,,,,,,,,,,,,,,,,,,,,,,,,,,,,,,,,,,,,,,,,,,,,,,,,,,,,,,,,,,,,,,,,,,,,,,,,,,,,,,,,,,,,,,,,,,,,,,,,,,,,,,,,,,,,,,,,,,,,,,,,,,,,,,,,,,,,,,,,,,,,,,,,,,,,,,,,,,,,,,,,,,,,,,,,,,,,,,,,,,,,No
,,,,,,20000041,Abrasives,Coated Abrasives,Sanding Discs,1500041,49-94-0903,"49-94-0903 Milw 4-1/2""x1/8""x7/8""Perform+Dual Metal Cut and Grind Disc",Generic / Unbranded,Generic / Unbranded,Generic / Unbranded,Milwaukee Electric Tool,Milwaukee Electric Tool,Generic / Unbranded,,49-94-0903,,Industrial Supplies>Abrasives>Coated Abrasives>Sanding Discs,49-94-0903 Sanding Discs,49-94-0903 Sanding Discs,"Milwaukee Electric Tool 49-94-0903 Sanding Discs - Color: Standard, Material: St","Milwaukee Electric Tool 49-94-0903 Sanding Discs. Manufacturer Part Number: 49-94-0903. Features & Specifications: Color: Standard, Material: Steel.","Milwaukee Electric Tool 49-94-0903 Sanding Discs. Color: Standard, Material: Steel","High quality Milwaukee Electric Tool 49-94-0903 Sanding Discs. Built to industry standards. Specifications: Color: Standard, Material: Steel.",,,,,,,,,,,,,,,,,,,,,,,,,,Sanding Discs,Color,Standard,,,,,,,,,,,,,,,,,,,,,,,,,,,,,,,,,,,,,,,,,,,,,,,,,,,,,,,,,,,,,,,,,,,,,,,,,,,,,,,,,,,,,,,,,,,,,,,,,,,,,,,,,,,,,,,,,,,,,,,,,,,,,,,,,,,,,,,,,,,,,,,,,,,,,,,,,,,,,,,,,,,,,,,,,,,,,,,,,,,,,,,,,,,,,,,,,,,No
,,,,,,20000042,Abrasives,Coated Abrasives,Sanding Discs,1500042,49-94-0907,"49-94-0907 Milw 4-1/2""x1/8""x5/8-11""Perform+Dual Metal Cut n Grind Disc",Generic / Unbranded,Generic / Unbranded,Generic / Unbranded,Milwaukee Electric Tool,Milwaukee Electric Tool,Generic / Unbranded,,49-94-0907,,Industrial Supplies>Abrasives>Coated Abrasives>Sanding Discs,49-94-0907 Sanding Discs,49-94-0907 Sanding Discs,"Milwaukee Electric Tool 49-94-0907 Sanding Discs - Color: Standard, Material: St","Milwaukee Electric Tool 49-94-0907 Sanding Discs. Manufacturer Part Number: 49-94-0907. Features & Specifications: Color: Standard, Material: Steel.","Milwaukee Electric Tool 49-94-0907 Sanding Discs. Color: Standard, Material: Steel","High quality Milwaukee Electric Tool 49-94-0907 Sanding Discs. Built to industry standards. Specifications: Color: Standard, Material: Steel.",,,,,,,,,,,,,,,,,,,,,,,,,,Sanding Discs,Color,Standard,,,,,,,,,,,,,,,,,,,,,,,,,,,,,,,,,,,,,,,,,,,,,,,,,,,,,,,,,,,,,,,,,,,,,,,,,,,,,,,,,,,,,,,,,,,,,,,,,,,,,,,,,,,,,,,,,,,,,,,,,,,,,,,,,,,,,,,,,,,,,,,,,,,,,,,,,,,,,,,,,,,,,,,,,,,,,,,,,,,,,,,,,,,,,,,,,,,No
,,,,,,20000043,Abrasives,Coated Abrasives,Sanding Discs,1500043,49-94-0923,"49-94-0923 Milw 6""x1/8""x7/8"" Perform+Dual Metal Cut and Grind Disc",Generic / Unbranded,Generic / Unbranded,Generic / Unbranded,Milwaukee Electric Tool,Milwaukee Electric Tool,Generic / Unbranded,,49-94-0923,,Industrial Supplies>Abrasives>Coated Abrasives>Sanding Discs,49-94-0923 Sanding Discs,49-94-0923 Sanding Discs,"Milwaukee Electric Tool 49-94-0923 Sanding Discs - Color: Standard, Material: St","Milwaukee Electric Tool 49-94-0923 Sanding Discs. Manufacturer Part Number: 49-94-0923. Features & Specifications: Color: Standard, Material: Steel.","Milwaukee Electric Tool 49-94-0923 Sanding Discs. Color: Standard, Material: Steel","High quality Milwaukee Electric Tool 49-94-0923 Sanding Discs. Built to industry standards. Specifications: Color: Standard, Material: Steel.",,,,,,,,,,,,,,,,,,,,,,,,,,Sanding Discs,Color,Standard,,,,,,,,,,,,,,,,,,,,,,,,,,,,,,,,,,,,,,,,,,,,,,,,,,,,,,,,,,,,,,,,,,,,,,,,,,,,,,,,,,,,,,,,,,,,,,,,,,,,,,,,,,,,,,,,,,,,,,,,,,,,,,,,,,,,,,,,,,,,,,,,,,,,,,,,,,,,,,,,,,,,,,,,,,,,,,,,,,,,,,,,,,,,,,,,,,,No
,,,,,,20000044,Abrasives,Coated Abrasives,Sanding Discs,1500044,49-94-1900,"49-94-1900 Milw 4""x1/8""x5/8"" Masonry Cut Off Disc",Generic / Unbranded,Generic / Unbranded,Generic / Unbranded,Milwaukee Electric Tool,Milwaukee Electric Tool,Generic / Unbranded,,49-94-1900,,Industrial Supplies>Abrasives>Coated Abrasives>Sanding Discs,49-94-1900 Sanding Discs,49-94-1900 Sanding Discs,"Milwaukee Electric Tool 49-94-1900 Sanding Discs - Color: Standard, Material: St","Milwaukee Electric Tool 49-94-1900 Sanding Discs. Manufacturer Part Number: 49-94-1900. Features & Specifications: Color: Standard, Material: Steel.","Milwaukee Electric Tool 49-94-1900 Sanding Discs. Color: Standard, Material: Steel","High quality Milwaukee Electric Tool 49-94-1900 Sanding Discs. Built to industry standards. Specifications: Color: Standard, Material: Steel.",,,,,,,,,,,,,,,,,,,,,,,,,,Sanding Discs,Color,Standard,,,,,,,,,,,,,,,,,,,,,,,,,,,,,,,,,,,,,,,,,,,,,,,,,,,,,,,,,,,,,,,,,,,,,,,,,,,,,,,,,,,,,,,,,,,,,,,,,,,,,,,,,,,,,,,,,,,,,,,,,,,,,,,,,,,,,,,,,,,,,,,,,,,,,,,,,,,,,,,,,,,,,,,,,,,,,,,,,,,,,,,,,,,,,,,,,,,No
,,,,,,20000045,Abrasives,Coated Abrasives,Sanding Discs,1500045,49-94-1905,"49-94-1905 Milw 4-1/2""x1/8""x7/8"" Masonry Cut Off Disc",Generic / Unbranded,Generic / Unbranded,Generic / Unbranded,Milwaukee Electric Tool,Milwaukee Electric Tool,Generic / Unbranded,,49-94-1905,,Industrial Supplies>Abrasives>Coated Abrasives>Sanding Discs,49-94-1905 Sanding Discs,49-94-1905 Sanding Discs,"Milwaukee Electric Tool 49-94-1905 Sanding Discs - Color: Standard, Material: St","Milwaukee Electric Tool 49-94-1905 Sanding Discs. Manufacturer Part Number: 49-94-1905. Features & Specifications: Color: Standard, Material: Steel.","Milwaukee Electric Tool 49-94-1905 Sanding Discs. Color: Standard, Material: Steel","High quality Milwaukee Electric Tool 49-94-1905 Sanding Discs. Built to industry standards. Specifications: Color: Standard, Material: Steel.",,,,,,,,,,,,,,,,,,,,,,,,,,Sanding Discs,Color,Standard,,,,,,,,,,,,,,,,,,,,,,,,,,,,,,,,,,,,,,,,,,,,,,,,,,,,,,,,,,,,,,,,,,,,,,,,,,,,,,,,,,,,,,,,,,,,,,,,,,,,,,,,,,,,,,,,,,,,,,,,,,,,,,,,,,,,,,,,,,,,,,,,,,,,,,,,,,,,,,,,,,,,,,,,,,,,,,,,,,,,,,,,,,,,,,,,,,,No
,,,,,,20000046,Abrasives,Coated Abrasives,Sanding Discs,1500046,49-94-1915,"49-94-1915 Milw 6-1/2""x1/8""x5/8"" DKO Masonry Cut Off Disc",Generic / Unbranded,Generic / Unbranded,Generic / Unbranded,Milwaukee Electric Tool,Milwaukee Electric Tool,Generic / Unbranded,,49-94-1915,,Industrial Supplies>Abrasives>Coated Abrasives>Sanding Discs,49-94-1915 Sanding Discs,49-94-1915 Sanding Discs,"Milwaukee Electric Tool 49-94-1915 Sanding Discs - Color: Standard, Material: St","Milwaukee Electric Tool 49-94-1915 Sanding Discs. Manufacturer Part Number: 49-94-1915. Features & Specifications: Color: Standard, Material: Steel.","Milwaukee Electric Tool 49-94-1915 Sanding Discs. Color: Standard, Material: Steel","High quality Milwaukee Electric Tool 49-94-1915 Sanding Discs. Built to industry standards. Specifications: Color: Standard, Material: Steel.",,,,,,,,,,,,,,,,,,,,,,,,,,Sanding Discs,Color,Standard,,,,,,,,,,,,,,,,,,,,,,,,,,,,,,,,,,,,,,,,,,,,,,,,,,,,,,,,,,,,,,,,,,,,,,,,,,,,,,,,,,,,,,,,,,,,,,,,,,,,,,,,,,,,,,,,,,,,,,,,,,,,,,,,,,,,,,,,,,,,,,,,,,,,,,,,,,,,,,,,,,,,,,,,,,,,,,,,,,,,,,,,,,,,,,,,,,,No
,,,,,,20000047,Abrasives,Coated Abrasives,Sanding Discs,1500047,49-94-1920,"49-94-1920 Milw 7""x1/8""x5/8"" DKO Masonry Cut Off Disc",Generic / Unbranded,Generic / Unbranded,Generic / Unbranded,Milwaukee Electric Tool,Milwaukee Electric Tool,Generic / Unbranded,,49-94-1920,,Industrial Supplies>Abrasives>Coated Abrasives>Sanding Discs,49-94-1920 Sanding Discs,49-94-1920 Sanding Discs,"Milwaukee Electric Tool 49-94-1920 Sanding Discs - Color: Standard, Material: St","Milwaukee Electric Tool 49-94-1920 Sanding Discs. Manufacturer Part Number: 49-94-1920. Features & Specifications: Color: Standard, Material: Steel.","Milwaukee Electric Tool 49-94-1920 Sanding Discs. Color: Standard, Material: Steel","High quality Milwaukee Electric Tool 49-94-1920 Sanding Discs. Built to industry standards. Specifications: Color: Standard, Material: Steel.",,,,,,,,,,,,,,,,,,,,,,,,,,Sanding Discs,Color,Standard,,,,,,,,,,,,,,,,,,,,,,,,,,,,,,,,,,,,,,,,,,,,,,,,,,,,,,,,,,,,,,,,,,,,,,,,,,,,,,,,,,,,,,,,,,,,,,,,,,,,,,,,,,,,,,,,,,,,,,,,,,,,,,,,,,,,,,,,,,,,,,,,,,,,,,,,,,,,,,,,,,,,,,,,,,,,,,,,,,,,,,,,,,,,,,,,,,,No
,,,,,,20000048,Abrasives,Coated Abrasives,Sanding Discs,1500048,49-94-1925,"49-94-1925 Milw 10""x1/8""x5/8"" Masonry Cut Off Disc",Generic / Unbranded,Generic / Unbranded,Generic / Unbranded,Milwaukee Electric Tool,Milwaukee Electric Tool,Generic / Unbranded,,49-94-1925,,Industrial Supplies>Abrasives>Coated Abrasives>Sanding Discs,49-94-1925 Sanding Discs,49-94-1925 Sanding Discs,"Milwaukee Electric Tool 49-94-1925 Sanding Discs - Color: Standard, Material: St","Milwaukee Electric Tool 49-94-1925 Sanding Discs. Manufacturer Part Number: 49-94-1925. Features & Specifications: Color: Standard, Material: Steel.","Milwaukee Electric Tool 49-94-1925 Sanding Discs. Color: Standard, Material: Steel","High quality Milwaukee Electric Tool 49-94-1925 Sanding Discs. Built to industry standards. Specifications: Color: Standard, Material: Steel.",,,,,,,,,,,,,,,,,,,,,,,,,,Sanding Discs,Color,Standard,,,,,,,,,,,,,,,,,,,,,,,,,,,,,,,,,,,,,,,,,,,,,,,,,,,,,,,,,,,,,,,,,,,,,,,,,,,,,,,,,,,,,,,,,,,,,,,,,,,,,,,,,,,,,,,,,,,,,,,,,,,,,,,,,,,,,,,,,,,,,,,,,,,,,,,,,,,,,,,,,,,,,,,,,,,,,,,,,,,,,,,,,,,,,,,,,,,No
,,,,,,20000049,Abrasives,Coated Abrasives,Sanding Discs,1500049,49-94-1935,"49-94-1935 Milw 12""x1/8""x1"" Masonry Cut Off Disc",Generic / Unbranded,Generic / Unbranded,Generic / Unbranded,Milwaukee Electric Tool,Milwaukee Electric Tool,Generic / Unbranded,,49-94-1935,,Industrial Supplies>Abrasives>Coated Abrasives>Sanding Discs,49-94-1935 Sanding Discs,49-94-1935 Sanding Discs,"Milwaukee Electric Tool 49-94-1935 Sanding Discs - Color: Standard, Material: St","Milwaukee Electric Tool 49-94-1935 Sanding Discs. Manufacturer Part Number: 49-94-1935. Features & Specifications: Color: Standard, Material: Steel.","Milwaukee Electric Tool 49-94-1935 Sanding Discs. Color: Standard, Material: Steel","High quality Milwaukee Electric Tool 49-94-1935 Sanding Discs. Built to industry standards. Specifications: Color: Standard, Material: Steel.",,,,,,,,,,,,,,,,,,,,,,,,,,Sanding Discs,Color,Standard,,,,,,,,,,,,,,,,,,,,,,,,,,,,,,,,,,,,,,,,,,,,,,,,,,,,,,,,,,,,,,,,,,,,,,,,,,,,,,,,,,,,,,,,,,,,,,,,,,,,,,,,,,,,,,,,,,,,,,,,,,,,,,,,,,,,,,,,,,,,,,,,,,,,,,,,,,,,,,,,,,,,,,,,,,,,,,,,,,,,,,,,,,,,,,,,,,,No
,,,,,,20000050,Abrasives,Coated Abrasives,Sanding Discs,1500050,49-94-1940,"49-94-1940 Milw 14""x1/8""x1"" Masonry Cut Off Disc",Generic / Unbranded,Generic / Unbranded,Generic / Unbranded,Milwaukee Electric Tool,Milwaukee Electric Tool,Generic / Unbranded,,49-94-1940,,Industrial Supplies>Abrasives>Coated Abrasives>Sanding Discs,49-94-1940 Sanding Discs,49-94-1940 Sanding Discs,"Milwaukee Electric Tool 49-94-1940 Sanding Discs - Color: Standard, Material: St","Milwaukee Electric Tool 49-94-1940 Sanding Discs. Manufacturer Part Number: 49-94-1940. Features & Specifications: Color: Standard, Material: Steel.","Milwaukee Electric Tool 49-94-1940 Sanding Discs. Color: Standard, Material: Steel","High quality Milwaukee Electric Tool 49-94-1940 Sanding Discs. Built to industry standards. Specifications: Color: Standard, Material: Steel.",,,,,,,,,,,,,,,,,,,,,,,,,,Sanding Discs,Color,Standard,,,,,,,,,,,,,,,,,,,,,,,,,,,,,,,,,,,,,,,,,,,,,,,,,,,,,,,,,,,,,,,,,,,,,,,,,,,,,,,,,,,,,,,,,,,,,,,,,,,,,,,,,,,,,,,,,,,,,,,,,,,,,,,,,,,,,,,,,,,,,,,,,,,,,,,,,,,,,,,,,,,,,,,,,,,,,,,,,,,,,,,,,,,,,,,,,,,No
,,,,,,20000051,General Merchandise,Unclassified,General Industrial,1500051,49-94-0501,"49-94-0501 Milw 4""x1/4""x5/8"" Metal Grinding Wheel",Generic / Unbranded,Generic / Unbranded,Generic / Unbranded,Milwaukee Electric Tool,Milwaukee Electric Tool,Generic / Unbranded,,49-94-0501,,General Industrial>Unclassified,49-94-0501 General Industrial,49-94-0501 General Industrial,"Milwaukee Electric Tool 49-94-0501 General Industrial - Color: Standard, Materia","Milwaukee Electric Tool 49-94-0501 General Industrial. Manufacturer Part Number: 49-94-0501. Features & Specifications: Color: Standard, Material: Steel.","Milwaukee Electric Tool 49-94-0501 General Industrial. Color: Standard, Material: Steel","High quality Milwaukee Electric Tool 49-94-0501 General Industrial. Built to industry standards. Specifications: Color: Standard, Material: Steel.",,,,,,,,,,,,,,,,,,,,,,,,,,General Industrial,Color,Standard,,,,,,,,,,,,,,,,,,,,,,,,,,,,,,,,,,,,,,,,,,,,,,,,,,,,,,,,,,,,,,,,,,,,,,,,,,,,,,,,,,,,,,,,,,,,,,,,,,,,,,,,,,,,,,,,,,,,,,,,,,,,,,,,,,,,,,,,,,,,,,,,,,,,,,,,,,,,,,,,,,,,,,,,,,,,,,,,,,,,,,,,,,,,,,,,,,,No
,,,,,,20000052,General Merchandise,Unclassified,General Industrial,1500052,49-94-0503,"49-94-0503 Milw 4-1/2""x1/4""x7/8"" Metal Grinding Wheel",Generic / Unbranded,Generic / Unbranded,Generic / Unbranded,Milwaukee Electric Tool,Milwaukee Electric Tool,Generic / Unbranded,,49-94-0503,,General Industrial>Unclassified,49-94-0503 General Industrial,49-94-0503 General Industrial,"Milwaukee Electric Tool 49-94-0503 General Industrial - Color: Standard, Materia","Milwaukee Electric Tool 49-94-0503 General Industrial. Manufacturer Part Number: 49-94-0503. Features & Specifications: Color: Standard, Material: Steel.","Milwaukee Electric Tool 49-94-0503 General Industrial. Color: Standard, Material: Steel","High quality Milwaukee Electric Tool 49-94-0503 General Industrial. Built to industry standards. Specifications: Color: Standard, Material: Steel.",,,,,,,,,,,,,,,,,,,,,,,,,,General Industrial,Color,Standard,,,,,,,,,,,,,,,,,,,,,,,,,,,,,,,,,,,,,,,,,,,,,,,,,,,,,,,,,,,,,,,,,,,,,,,,,,,,,,,,,,,,,,,,,,,,,,,,,,,,,,,,,,,,,,,,,,,,,,,,,,,,,,,,,,,,,,,,,,,,,,,,,,,,,,,,,,,,,,,,,,,,,,,,,,,,,,,,,,,,,,,,,,,,,,,,,,,No
,,,,,,20000053,General Merchandise,Unclassified,General Industrial,1500053,49-94-0523,"49-94-0523 Milw 6""x1/4""x7/8"" Metal Grinding Wheel",Generic / Unbranded,Generic / Unbranded,Generic / Unbranded,Milwaukee Electric Tool,Milwaukee Electric Tool,Generic / Unbranded,,49-94-0523,,General Industrial>Unclassified,49-94-0523 General Industrial,49-94-0523 General Industrial,"Milwaukee Electric Tool 49-94-0523 General Industrial - Color: Standard, Materia","Milwaukee Electric Tool 49-94-0523 General Industrial. Manufacturer Part Number: 49-94-0523. Features & Specifications: Color: Standard, Material: Steel.","Milwaukee Electric Tool 49-94-0523 General Industrial. Color: Standard, Material: Steel","High quality Milwaukee Electric Tool 49-94-0523 General Industrial. Built to industry standards. Specifications: Color: Standard, Material: Steel.",,,,,,,,,,,,,,,,,,,,,,,,,,General Industrial,Color,Standard,,,,,,,,,,,,,,,,,,,,,,,,,,,,,,,,,,,,,,,,,,,,,,,,,,,,,,,,,,,,,,,,,,,,,,,,,,,,,,,,,,,,,,,,,,,,,,,,,,,,,,,,,,,,,,,,,,,,,,,,,,,,,,,,,,,,,,,,,,,,,,,,,,,,,,,,,,,,,,,,,,,,,,,,,,,,,,,,,,,,,,,,,,,,,,,,,,,No
,,,,,,20000054,General Merchandise,Unclassified,General Industrial,1500054,49-94-1955,"49-94-1955 Milw 4-1/2""x1/4""x7/8"" Masonry Grinding Wheel",Generic / Unbranded,Generic / Unbranded,Generic / Unbranded,Milwaukee Electric Tool,Milwaukee Electric Tool,Generic / Unbranded,,49-94-1955,,General Industrial>Unclassified,49-94-1955 General Industrial,49-94-1955 General Industrial,"Milwaukee Electric Tool 49-94-1955 General Industrial - Color: Standard, Materia","Milwaukee Electric Tool 49-94-1955 General Industrial. Manufacturer Part Number: 49-94-1955. Features & Specifications: Color: Standard, Material: Steel.","Milwaukee Electric Tool 49-94-1955 General Industrial. Color: Standard, Material: Steel","High quality Milwaukee Electric Tool 49-94-1955 General Industrial. Built to industry standards. Specifications: Color: Standard, Material: Steel.",,,,,,,,,,,,,,,,,,,,,,,,,,General Industrial,Color,Standard,,,,,,,,,,,,,,,,,,,,,,,,,,,,,,,,,,,,,,,,,,,,,,,,,,,,,,,,,,,,,,,,,,,,,,,,,,,,,,,,,,,,,,,,,,,,,,,,,,,,,,,,,,,,,,,,,,,,,,,,,,,,,,,,,,,,,,,,,,,,,,,,,,,,,,,,,,,,,,,,,,,,,,,,,,,,,,,,,,,,,,,,,,,,,,,,,,,No
,,,,,,20000055,General Merchandise,Unclassified,General Industrial,1500055,49-94-1965,"49-94-1965 Milw 7""x1/4""x7/8"" Masonry Grinding Wheel",Generic / Unbranded,Generic / Unbranded,Generic / Unbranded,Milwaukee Electric Tool,Milwaukee Electric Tool,Generic / Unbranded,,49-94-1965,,General Industrial>Unclassified,49-94-1965 General Industrial,49-94-1965 General Industrial,"Milwaukee Electric Tool 49-94-1965 General Industrial - Color: Standard, Materia","Milwaukee Electric Tool 49-94-1965 General Industrial. Manufacturer Part Number: 49-94-1965. Features & Specifications: Color: Standard, Material: Steel.","Milwaukee Electric Tool 49-94-1965 General Industrial. Color: Standard, Material: Steel","High quality Milwaukee Electric Tool 49-94-1965 General Industrial. Built to industry standards. Specifications: Color: Standard, Material: Steel.",,,,,,,,,,,,,,,,,,,,,,,,,,General Industrial,Color,Standard,,,,,,,,,,,,,,,,,,,,,,,,,,,,,,,,,,,,,,,,,,,,,,,,,,,,,,,,,,,,,,,,,,,,,,,,,,,,,,,,,,,,,,,,,,,,,,,,,,,,,,,,,,,,,,,,,,,,,,,,,,,,,,,,,,,,,,,,,,,,,,,,,,,,,,,,,,,,,,,,,,,,,,,,,,,,,,,,,,,,,,,,,,,,,,,,,,,No
,,,,,,20000056,General Merchandise,Unclassified,General Industrial,1500056,49-94-0513,"49-94-0513 Milw 5""x1/4""x7/8"" Metal Grinding Wheel",Generic / Unbranded,Generic / Unbranded,Generic / Unbranded,Milwaukee Electric Tool,Milwaukee Electric Tool,Generic / Unbranded,,49-94-0513,,General Industrial>Unclassified,49-94-0513 General Industrial,49-94-0513 General Industrial,"Milwaukee Electric Tool 49-94-0513 General Industrial - Color: Standard, Materia","Milwaukee Electric Tool 49-94-0513 General Industrial. Manufacturer Part Number: 49-94-0513. Features & Specifications: Color: Standard, Material: Steel.","Milwaukee Electric Tool 49-94-0513 General Industrial. Color: Standard, Material: Steel","High quality Milwaukee Electric Tool 49-94-0513 General Industrial. Built to industry standards. Specifications: Color: Standard, Material: Steel.",,,,,,,,,,,,,,,,,,,,,,,,,,General Industrial,Color,Standard,,,,,,,,,,,,,,,,,,,,,,,,,,,,,,,,,,,,,,,,,,,,,,,,,,,,,,,,,,,,,,,,,,,,,,,,,,,,,,,,,,,,,,,,,,,,,,,,,,,,,,,,,,,,,,,,,,,,,,,,,,,,,,,,,,,,,,,,,,,,,,,,,,,,,,,,,,,,,,,,,,,,,,,,,,,,,,,,,,,,,,,,,,,,,,,,,,,No
,,,,,,20000057,General Merchandise,Unclassified,General Industrial,1500057,49-94-0533,"49-94-0533 Milw 7""x1/4""x7/8"" Metal Grinding Wheel",Generic / Unbranded,Generic / Unbranded,Generic / Unbranded,Milwaukee Electric Tool,Milwaukee Electric Tool,Generic / Unbranded,,49-94-0533,,General Industrial>Unclassified,49-94-0533 General Industrial,49-94-0533 General Industrial,"Milwaukee Electric Tool 49-94-0533 General Industrial - Color: Standard, Materia","Milwaukee Electric Tool 49-94-0533 General Industrial. Manufacturer Part Number: 49-94-0533. Features & Specifications: Color: Standard, Material: Steel.","Milwaukee Electric Tool 49-94-0533 General Industrial. Color: Standard, Material: Steel","High quality Milwaukee Electric Tool 49-94-0533 General Industrial. Built to industry standards. Specifications: Color: Standard, Material: Steel.",,,,,,,,,,,,,,,,,,,,,,,,,,General Industrial,Color,Standard,,,,,,,,,,,,,,,,,,,,,,,,,,,,,,,,,,,,,,,,,,,,,,,,,,,,,,,,,,,,,,,,,,,,,,,,,,,,,,,,,,,,,,,,,,,,,,,,,,,,,,,,,,,,,,,,,,,,,,,,,,,,,,,,,,,,,,,,,,,,,,,,,,,,,,,,,,,,,,,,,,,,,,,,,,,,,,,,,,,,,,,,,,,,,,,,,,,No
,,,,,,20000058,General Merchandise,Unclassified,General Industrial,1500058,DFBLBLOMFN01G,DFBLBLOMFN01G Diablo 220 Grit - Flat Edge Sanding Sponge,Diablo,Diablo,Diablo,Freud Inc,Freud Inc,Diablo,,DFBLBLOMFN01G,,General Industrial>Unclassified,Diablo DFBLBLOMFN01G General Industrial,DFBLBLOMFN01G General Industri,"Diablo Freud Inc DFBLBLOMFN01G General Industrial - Color: Standard, Material: S","Diablo Freud Inc DFBLBLOMFN01G General Industrial. Manufacturer Part Number: DFBLBLOMFN01G. Features & Specifications: Color: Standard, Material: Steel.","Diablo Freud Inc DFBLBLOMFN01G General Industrial. Color: Standard, Material: Steel","High quality Diablo Freud Inc DFBLBLOMFN01G General Industrial. Built to industry standards. Specifications: Color: Standard, Material: Steel.",,,,,,,,,,,,,,,,,,,,,,,,,,General Industrial,Color,Standard,,,,,,,,,,,,,,,,,,,,,,,,,,,,,,,,,,,,,,,,,,,,,,,,,,,,,,,,,,,,,,,,,,,,,,,,,,,,,,,,,,,,,,,,,,,,,,,,,,,,,,,,,,,,,,,,,,,,,,,,,,,,,,,,,,,,,,,,,,,,,,,,,,,,,,,,,,,,,,,,,,,,,,,,,,,,,,,,,,,,,,,,,,,,,,,,,,,No
,,,,,,20000059,General Merchandise,Unclassified,General Industrial,1500059,1700-1PK-BB40,3/4x60' Vinyl Elect Tape,3M,3M,3M,3M Company,3M Company,3M,,1700-1PK-BB40,,General Industrial>Unclassified,3M 1700-1PK-BB40 General Industrial,1700-1PK-BB40 General Industri,"3M 3M Company 1700-1PK-BB40 General Industrial - Color: Standard, Material: Stee","3M 3M Company 1700-1PK-BB40 General Industrial. Manufacturer Part Number: 1700-1PK-BB40. Features & Specifications: Color: Standard, Material: Steel.","3M 3M Company 1700-1PK-BB40 General Industrial. Color: Standard, Material: Steel","High quality 3M 3M Company 1700-1PK-BB40 General Industrial. Built to industry standards. Specifications: Color: Standard, Material: Steel.",,,,,,,,,,,,,,,,,,,,,,,,,,General Industrial,Color,Standard,,,,,,,,,,,,,,,,,,,,,,,,,,,,,,,,,,,,,,,,,,,,,,,,,,,,,,,,,,,,,,,,,,,,,,,,,,,,,,,,,,,,,,,,,,,,,,,,,,,,,,,,,,,,,,,,,,,,,,,,,,,,,,,,,,,,,,,,,,,,,,,,,,,,,,,,,,,,,,,,,,,,,,,,,,,,,,,,,,,,,,,,,,,,,,,,,,,No
,,,,,,20000060,General Merchandise,Unclassified,General Industrial,1500060,ASH-40-40-04,1.5x1.5x13' Legacy Emseal Tape,Generic / Unbranded,Generic / Unbranded,Generic / Unbranded,Jam Industrial Supply LLC,Jam Industrial Supply LLC,Generic / Unbranded,,ASH-40-40-04,,General Industrial>Unclassified,ASH-40-40-04 General Industrial,ASH-40-40-04 General Industria,"Jam Industrial Supply LLC ASH-40-40-04 General Industrial - Color: Standard, Mat","Jam Industrial Supply LLC ASH-40-40-04 General Industrial. Manufacturer Part Number: ASH-40-40-04. Features & Specifications: Color: Standard, Material: Steel.","Jam Industrial Supply LLC ASH-40-40-04 General Industrial. Color: Standard, Material: Steel","High quality Jam Industrial Supply LLC ASH-40-40-04 General Industrial. Built to industry standards. Specifications: Color: Standard, Material: Steel.",,,,,,,,,,,,,,,,,,,,,,,,,,General Industrial,Color,Standard,,,,,,,,,,,,,,,,,,,,,,,,,,,,,,,,,,,,,,,,,,,,,,,,,,,,,,,,,,,,,,,,,,,,,,,,,,,,,,,,,,,,,,,,,,,,,,,,,,,,,,,,,,,,,,,,,,,,,,,,,,,,,,,,,,,,,,,,,,,,,,,,,,,,,,,,,,,,,,,,,,,,,,,,,,,,,,,,,,,,,,,,,,,,,,,,,,,No
,,,,,,20000061,Appliances,Large Appliances,Built-In Dishwashers,1500061,KDFM404KPS,KDFM404KPS Dishwasher SS,Generic / Unbranded,Generic / Unbranded,Generic / Unbranded,Appliance Dealers Cooperative,Appliance Dealers Cooperative,Generic / Unbranded,,KDFM404KPS,,Appliances & Consumer Electronics>Kitchen Appliances>Built-In Dishwashers,KDFM404KPS Built-In Dishwashers,KDFM404KPS Built-In Dishwasher,Appliance Dealers Cooperative KDFM404KPS Built-In Dishwashers - Series: Professi,"Appliance Dealers Cooperative KDFM404KPS Built-In Dishwashers. Manufacturer Part Number: KDFM404KPS. Features & Specifications: Series: Professional Series, Number of Wash Cycles: 5, Voltage Rating: 120 V, Amperage Rating: 15 A, Mounting Type: Leg, Sound Level: 47 dBA, Finish: Stainless Steel.","Appliance Dealers Cooperative KDFM404KPS Built-In Dishwashers. Series: Professional Series, Number of Wash Cycles: 5, Voltage Rating: 120 V, Amperage Rating: 15 A, Mounting Type: Leg, Sound Level: 47 dBA, Finish: Stainless Steel","High quality Appliance Dealers Cooperative KDFM404KPS Built-In Dishwashers. Built to industry standards. Specifications: Series: Professional Series, Number of Wash Cycles: 5, Voltage Rating: 120 V, Amperage Rating: 15 A, Mounting Type: Leg, Sound Level: 47 dBA, Finish: Stainless Steel.",,,,,,,,,,,,,,,,,,,,,,,,,,Built-In Dishwashers,Color,Standard,,,,,,,,,,,,,,,,,,,,,,,,,,,,,,,,,,,,,,,,,,,,,,,,,,,,,,,,,,,,,,,,,,,,,,,,,,,,,,,,,,,,,,,,,,,,,,,,,,,,,,,,,,,,,,,,,,,,,,,,,,,,,,,,,,,,,,,,,,,,,,,,,,,,,,,,,,,,,,,,,,,,,,,,,,,,,,,,,,,,,,,,,,,,,,,,,,,No
,,,,,,20000062,Appliances,Large Appliances,Built-In Dishwashers,1500062,PDSH4816AF,PDSH4816AF Dishwasher SS - Display Only,Generic / Unbranded,Generic / Unbranded,Generic / Unbranded,Appliance Dealers Cooperative,Appliance Dealers Cooperative,Generic / Unbranded,,PDSH4816AF,,Appliances & Consumer Electronics>Kitchen Appliances>Built-In Dishwashers,PDSH4816AF Built-In Dishwashers,PDSH4816AF Built-In Dishwasher,Appliance Dealers Cooperative PDSH4816AF Built-In Dishwashers - Series: Professi,"Appliance Dealers Cooperative PDSH4816AF Built-In Dishwashers. Manufacturer Part Number: PDSH4816AF. Features & Specifications: Series: Professional Series, Number of Wash Cycles: 5, Voltage Rating: 120 V, Amperage Rating: 15 A, Mounting Type: Leg, Sound Level: 47 dBA, Finish: Stainless Steel.","Appliance Dealers Cooperative PDSH4816AF Built-In Dishwashers. Series: Professional Series, Number of Wash Cycles: 5, Voltage Rating: 120 V, Amperage Rating: 15 A, Mounting Type: Leg, Sound Level: 47 dBA, Finish: Stainless Steel","High quality Appliance Dealers Cooperative PDSH4816AF Built-In Dishwashers. Built to industry standards. Specifications: Series: Professional Series, Number of Wash Cycles: 5, Voltage Rating: 120 V, Amperage Rating: 15 A, Mounting Type: Leg, Sound Level: 47 dBA, Finish: Stainless Steel.",,,,,,,,,,,,,,,,,,,,,,,,,,Built-In Dishwashers,Color,Standard,,,,,,,,,,,,,,,,,,,,,,,,,,,,,,,,,,,,,,,,,,,,,,,,,,,,,,,,,,,,,,,,,,,,,,,,,,,,,,,,,,,,,,,,,,,,,,,,,,,,,,,,,,,,,,,,,,,,,,,,,,,,,,,,,,,,,,,,,,,,,,,,,,,,,,,,,,,,,,,,,,,,,,,,,,,,,,,,,,,,,,,,,,,,,,,,,,,No
,,,,,,20000063,Appliances,Large Appliances,Built-In Dishwashers,1500063,PDT715SYVFS,PDT715SYVFS Ge Dishwasher SS,Generic / Unbranded,Generic / Unbranded,Generic / Unbranded,Appliance Dealers Cooperative,Appliance Dealers Cooperative,Generic / Unbranded,,PDT715SYVFS,,Appliances & Consumer Electronics>Kitchen Appliances>Built-In Dishwashers,PDT715SYVFS Built-In Dishwashers,PDT715SYVFS Built-In Dishwashe,Appliance Dealers Cooperative PDT715SYVFS Built-In Dishwashers - Series: Profess,"Appliance Dealers Cooperative PDT715SYVFS Built-In Dishwashers. Manufacturer Part Number: PDT715SYVFS. Features & Specifications: Series: Professional Series, Number of Wash Cycles: 5, Voltage Rating: 120 V, Amperage Rating: 15 A, Mounting Type: Leg, Sound Level: 47 dBA, Finish: Stainless Steel.","Appliance Dealers Cooperative PDT715SYVFS Built-In Dishwashers. Series: Professional Series, Number of Wash Cycles: 5, Voltage Rating: 120 V, Amperage Rating: 15 A, Mounting Type: Leg, Sound Level: 47 dBA, Finish: Stainless Steel","High quality Appliance Dealers Cooperative PDT715SYVFS Built-In Dishwashers. Built to industry standards. Specifications: Series: Professional Series, Number of Wash Cycles: 5, Voltage Rating: 120 V, Amperage Rating: 15 A, Mounting Type: Leg, Sound Level: 47 dBA, Finish: Stainless Steel.",,,,,,,,,,,,,,,,,,,,,,,,,,Built-In Dishwashers,Color,Standard,,,,,,,,,,,,,,,,,,,,,,,,,,,,,,,,,,,,,,,,,,,,,,,,,,,,,,,,,,,,,,,,,,,,,,,,,,,,,,,,,,,,,,,,,,,,,,,,,,,,,,,,,,,,,,,,,,,,,,,,,,,,,,,,,,,,,,,,,,,,,,,,,,,,,,,,,,,,,,,,,,,,,,,,,,,,,,,,,,,,,,,,,,,,,,,,,,,No
,,,,,,20000064,Appliances,Large Appliances,Built-In Dishwashers,1500064,LDPH5554D,LDPH5554D LG Dishwasher BSS,Generic / Unbranded,Generic / Unbranded,Generic / Unbranded,Appliance Dealers Cooperative,Appliance Dealers Cooperative,Generic / Unbranded,,LDPH5554D,,Appliances & Consumer Electronics>Kitchen Appliances>Built-In Dishwashers,LDPH5554D Built-In Dishwashers,LDPH5554D Built-In Dishwashers,Appliance Dealers Cooperative LDPH5554D Built-In Dishwashers - Series: Professio,"Appliance Dealers Cooperative LDPH5554D Built-In Dishwashers. Manufacturer Part Number: LDPH5554D. Features & Specifications: Series: Professional Series, Number of Wash Cycles: 5, Voltage Rating: 120 V, Amperage Rating: 15 A, Mounting Type: Leg, Sound Level: 47 dBA, Finish: Stainless Steel.","Appliance Dealers Cooperative LDPH5554D Built-In Dishwashers. Series: Professional Series, Number of Wash Cycles: 5, Voltage Rating: 120 V, Amperage Rating: 15 A, Mounting Type: Leg, Sound Level: 47 dBA, Finish: Stainless Steel","High quality Appliance Dealers Cooperative LDPH5554D Built-In Dishwashers. Built to industry standards. Specifications: Series: Professional Series, Number of Wash Cycles: 5, Voltage Rating: 120 V, Amperage Rating: 15 A, Mounting Type: Leg, Sound Level: 47 dBA, Finish: Stainless Steel.",,,,,,,,,,,,,,,,,,,,,,,,,,Built-In Dishwashers,Color,Standard,,,,,,,,,,,,,,,,,,,,,,,,,,,,,,,,,,,,,,,,,,,,,,,,,,,,,,,,,,,,,,,,,,,,,,,,,,,,,,,,,,,,,,,,,,,,,,,,,,,,,,,,,,,,,,,,,,,,,,,,,,,,,,,,,,,,,,,,,,,,,,,,,,,,,,,,,,,,,,,,,,,,,,,,,,,,,,,,,,,,,,,,,,,,,,,,,,,No
,,,,,,20000065,Appliances,Large Appliances,Built-In Dishwashers,1500065,WDTS7024RZ,WDTS7024RZ Dishwasher SS - Display Only,Generic / Unbranded,Generic / Unbranded,Generic / Unbranded,Appliance Dealers Cooperative,Appliance Dealers Cooperative,Generic / Unbranded,,WDTS7024RZ,,Appliances & Consumer Electronics>Kitchen Appliances>Built-In Dishwashers,WDTS7024RZ Built-In Dishwashers,WDTS7024RZ Built-In Dishwasher,Appliance Dealers Cooperative WDTS7024RZ Built-In Dishwashers - Series: Professi,"Appliance Dealers Cooperative WDTS7024RZ Built-In Dishwashers. Manufacturer Part Number: WDTS7024RZ. Features & Specifications: Series: Professional Series, Number of Wash Cycles: 5, Voltage Rating: 120 V, Amperage Rating: 15 A, Mounting Type: Leg, Sound Level: 47 dBA, Finish: Stainless Steel.","Appliance Dealers Cooperative WDTS7024RZ Built-In Dishwashers. Series: Professional Series, Number of Wash Cycles: 5, Voltage Rating: 120 V, Amperage Rating: 15 A, Mounting Type: Leg, Sound Level: 47 dBA, Finish: Stainless Steel","High quality Appliance Dealers Cooperative WDTS7024RZ Built-In Dishwashers. Built to industry standards. Specifications: Series: Professional Series, Number of Wash Cycles: 5, Voltage Rating: 120 V, Amperage Rating: 15 A, Mounting Type: Leg, Sound Level: 47 dBA, Finish: Stainless Steel.",,,,,,,,,,,,,,,,,,,,,,,,,,Built-In Dishwashers,Color,Standard,,,,,,,,,,,,,,,,,,,,,,,,,,,,,,,,,,,,,,,,,,,,,,,,,,,,,,,,,,,,,,,,,,,,,,,,,,,,,,,,,,,,,,,,,,,,,,,,,,,,,,,,,,,,,,,,,,,,,,,,,,,,,,,,,,,,,,,,,,,,,,,,,,,,,,,,,,,,,,,,,,,,,,,,,,,,,,,,,,,,,,,,,,,,,,,,,,,No
,,,,,,20000066,Appliances,Large Appliances,Built-In Dishwashers,1500066,PDD415PYYFS,PDD415PYYFS GE Dishwasher SS,Generic / Unbranded,Generic / Unbranded,Generic / Unbranded,Appliance Dealers Cooperative,Appliance Dealers Cooperative,Generic / Unbranded,,PDD415PYYFS,,Appliances & Consumer Electronics>Kitchen Appliances>Built-In Dishwashers,PDD415PYYFS Built-In Dishwashers,PDD415PYYFS Built-In Dishwashe,Appliance Dealers Cooperative PDD415PYYFS Built-In Dishwashers - Series: Profess,"Appliance Dealers Cooperative PDD415PYYFS Built-In Dishwashers. Manufacturer Part Number: PDD415PYYFS. Features & Specifications: Series: Professional Series, Number of Wash Cycles: 5, Voltage Rating: 120 V, Amperage Rating: 15 A, Mounting Type: Leg, Sound Level: 47 dBA, Finish: Stainless Steel.","Appliance Dealers Cooperative PDD415PYYFS Built-In Dishwashers. Series: Professional Series, Number of Wash Cycles: 5, Voltage Rating: 120 V, Amperage Rating: 15 A, Mounting Type: Leg, Sound Level: 47 dBA, Finish: Stainless Steel","High quality Appliance Dealers Cooperative PDD415PYYFS Built-In Dishwashers. Built to industry standards. Specifications: Series: Professional Series, Number of Wash Cycles: 5, Voltage Rating: 120 V, Amperage Rating: 15 A, Mounting Type: Leg, Sound Level: 47 dBA, Finish: Stainless Steel.",,,,,,,,,,,,,,,,,,,,,,,,,,Built-In Dishwashers,Color,Standard,,,,,,,,,,,,,,,,,,,,,,,,,,,,,,,,,,,,,,,,,,,,,,,,,,,,,,,,,,,,,,,,,,,,,,,,,,,,,,,,,,,,,,,,,,,,,,,,,,,,,,,,,,,,,,,,,,,,,,,,,,,,,,,,,,,,,,,,,,,,,,,,,,,,,,,,,,,,,,,,,,,,,,,,,,,,,,,,,,,,,,,,,,,,,,,,,,,No
,,,,,,20000067,Appliances,Large Appliances,Built-In Dishwashers,1500067,KDTS424SBE,KDTS424SBE Kitchen Aid Dishwasher Bk,Generic / Unbranded,Generic / Unbranded,Generic / Unbranded,Appliance Dealers Cooperative,Appliance Dealers Cooperative,Generic / Unbranded,,KDTS424SBE,,Appliances & Consumer Electronics>Kitchen Appliances>Built-In Dishwashers,KDTS424SBE Built-In Dishwashers,KDTS424SBE Built-In Dishwasher,Appliance Dealers Cooperative KDTS424SBE Built-In Dishwashers - Series: Professi,"Appliance Dealers Cooperative KDTS424SBE Built-In Dishwashers. Manufacturer Part Number: KDTS424SBE. Features & Specifications: Series: Professional Series, Number of Wash Cycles: 5, Voltage Rating: 120 V, Amperage Rating: 15 A, Mounting Type: Leg, Sound Level: 47 dBA, Finish: Stainless Steel.","Appliance Dealers Cooperative KDTS424SBE Built-In Dishwashers. Series: Professional Series, Number of Wash Cycles: 5, Voltage Rating: 120 V, Amperage Rating: 15 A, Mounting Type: Leg, Sound Level: 47 dBA, Finish: Stainless Steel","High quality Appliance Dealers Cooperative KDTS424SBE Built-In Dishwashers. Built to industry standards. Specifications: Series: Professional Series, Number of Wash Cycles: 5, Voltage Rating: 120 V, Amperage Rating: 15 A, Mounting Type: Leg, Sound Level: 47 dBA, Finish: Stainless Steel.",,,,,,,,,,,,,,,,,,,,,,,,,,Built-In Dishwashers,Color,Standard,,,,,,,,,,,,,,,,,,,,,,,,,,,,,,,,,,,,,,,,,,,,,,,,,,,,,,,,,,,,,,,,,,,,,,,,,,,,,,,,,,,,,,,,,,,,,,,,,,,,,,,,,,,,,,,,,,,,,,,,,,,,,,,,,,,,,,,,,,,,,,,,,,,,,,,,,,,,,,,,,,,,,,,,,,,,,,,,,,,,,,,,,,,,,,,,,,,No
,,,,,,20000068,Appliances,Large Appliances,Built-In Dishwashers,1500068,KDTS324SPS,KDTS324SPS Kitchen Aid Dishwasher SS,Generic / Unbranded,Generic / Unbranded,Generic / Unbranded,Appliance Dealers Cooperative,Appliance Dealers Cooperative,Generic / Unbranded,,KDTS324SPS,,Appliances & Consumer Electronics>Kitchen Appliances>Built-In Dishwashers,KDTS324SPS Built-In Dishwashers,KDTS324SPS Built-In Dishwasher,Appliance Dealers Cooperative KDTS324SPS Built-In Dishwashers - Series: Professi,"Appliance Dealers Cooperative KDTS324SPS Built-In Dishwashers. Manufacturer Part Number: KDTS324SPS. Features & Specifications: Series: Professional Series, Number of Wash Cycles: 5, Voltage Rating: 120 V, Amperage Rating: 15 A, Mounting Type: Leg, Sound Level: 47 dBA, Finish: Stainless Steel.","Appliance Dealers Cooperative KDTS324SPS Built-In Dishwashers. Series: Professional Series, Number of Wash Cycles: 5, Voltage Rating: 120 V, Amperage Rating: 15 A, Mounting Type: Leg, Sound Level: 47 dBA, Finish: Stainless Steel","High quality Appliance Dealers Cooperative KDTS324SPS Built-In Dishwashers. Built to industry standards. Specifications: Series: Professional Series, Number of Wash Cycles: 5, Voltage Rating: 120 V, Amperage Rating: 15 A, Mounting Type: Leg, Sound Level: 47 dBA, Finish: Stainless Steel.",,,,,,,,,,,,,,,,,,,,,,,,,,Built-In Dishwashers,Color,Standard,,,,,,,,,,,,,,,,,,,,,,,,,,,,,,,,,,,,,,,,,,,,,,,,,,,,,,,,,,,,,,,,,,,,,,,,,,,,,,,,,,,,,,,,,,,,,,,,,,,,,,,,,,,,,,,,,,,,,,,,,,,,,,,,,,,,,,,,,,,,,,,,,,,,,,,,,,,,,,,,,,,,,,,,,,,,,,,,,,,,,,,,,,,,,,,,,,,No
,,,,,,20000069,Appliances,Large Appliances,Built-In Dishwashers,1500069,KDPS624SJP,KDPS624SJP Dishwasher Juniper - Display Only,Generic / Unbranded,Generic / Unbranded,Generic / Unbranded,Appliance Dealers Cooperative,Appliance Dealers Cooperative,Generic / Unbranded,,KDPS624SJP,,Appliances & Consumer Electronics>Kitchen Appliances>Built-In Dishwashers,KDPS624SJP Built-In Dishwashers,KDPS624SJP Built-In Dishwasher,Appliance Dealers Cooperative KDPS624SJP Built-In Dishwashers - Series: Professi,"Appliance Dealers Cooperative KDPS624SJP Built-In Dishwashers. Manufacturer Part Number: KDPS624SJP. Features & Specifications: Series: Professional Series, Number of Wash Cycles: 5, Voltage Rating: 120 V, Amperage Rating: 15 A, Mounting Type: Leg, Sound Level: 47 dBA, Finish: Stainless Steel.","Appliance Dealers Cooperative KDPS624SJP Built-In Dishwashers. Series: Professional Series, Number of Wash Cycles: 5, Voltage Rating: 120 V, Amperage Rating: 15 A, Mounting Type: Leg, Sound Level: 47 dBA, Finish: Stainless Steel","High quality Appliance Dealers Cooperative KDPS624SJP Built-In Dishwashers. Built to industry standards. Specifications: Series: Professional Series, Number of Wash Cycles: 5, Voltage Rating: 120 V, Amperage Rating: 15 A, Mounting Type: Leg, Sound Level: 47 dBA, Finish: Stainless Steel.",,,,,,,,,,,,,,,,,,,,,,,,,,Built-In Dishwashers,Color,Standard,,,,,,,,,,,,,,,,,,,,,,,,,,,,,,,,,,,,,,,,,,,,,,,,,,,,,,,,,,,,,,,,,,,,,,,,,,,,,,,,,,,,,,,,,,,,,,,,,,,,,,,,,,,,,,,,,,,,,,,,,,,,,,,,,,,,,,,,,,,,,,,,,,,,,,,,,,,,,,,,,,,,,,,,,,,,,,,,,,,,,,,,,,,,,,,,,,,No
,,,,,,20000070,Appliances,Large Appliances,Built-In Dishwashers,1500070,KDTS624SBE,KDTS624SBE Dishwasher BO Display Only,Generic / Unbranded,Generic / Unbranded,Generic / Unbranded,Appliance Dealers Cooperative,Appliance Dealers Cooperative,Generic / Unbranded,,KDTS624SBE,,Appliances & Consumer Electronics>Kitchen Appliances>Built-In Dishwashers,KDTS624SBE Built-In Dishwashers,KDTS624SBE Built-In Dishwasher,Appliance Dealers Cooperative KDTS624SBE Built-In Dishwashers - Series: Professi,"Appliance Dealers Cooperative KDTS624SBE Built-In Dishwashers. Manufacturer Part Number: KDTS624SBE. Features & Specifications: Series: Professional Series, Number of Wash Cycles: 5, Voltage Rating: 120 V, Amperage Rating: 15 A, Mounting Type: Leg, Sound Level: 47 dBA, Finish: Stainless Steel.","Appliance Dealers Cooperative KDTS624SBE Built-In Dishwashers. Series: Professional Series, Number of Wash Cycles: 5, Voltage Rating: 120 V, Amperage Rating: 15 A, Mounting Type: Leg, Sound Level: 47 dBA, Finish: Stainless Steel","High quality Appliance Dealers Cooperative KDTS624SBE Built-In Dishwashers. Built to industry standards. Specifications: Series: Professional Series, Number of Wash Cycles: 5, Voltage Rating: 120 V, Amperage Rating: 15 A, Mounting Type: Leg, Sound Level: 47 dBA, Finish: Stainless Steel.",,,,,,,,,,,,,,,,,,,,,,,,,,Built-In Dishwashers,Color,Standard,,,,,,,,,,,,,,,,,,,,,,,,,,,,,,,,,,,,,,,,,,,,,,,,,,,,,,,,,,,,,,,,,,,,,,,,,,,,,,,,,,,,,,,,,,,,,,,,,,,,,,,,,,,,,,,,,,,,,,,,,,,,,,,,,,,,,,,,,,,,,,,,,,,,,,,,,,,,,,,,,,,,,,,,,,,,,,,,,,,,,,,,,,,,,,,,,,,No
,,,,,,20000071,General Merchandise,Unclassified,General Industrial,1500071,D519127,D519127 Heater Kit,Generic / Unbranded,Generic / Unbranded,Generic / Unbranded,Freud Inc,Freud Inc,Generic / Unbranded,,D519127,,General Industrial>Unclassified,D519127 General Industrial,D519127 General Industrial,"Freud Inc D519127 General Industrial - Color: Standard, Material: Steel","Freud Inc D519127 General Industrial. Manufacturer Part Number: D519127. Features & Specifications: Color: Standard, Material: Steel.","Freud Inc D519127 General Industrial. Color: Standard, Material: Steel","High quality Freud Inc D519127 General Industrial. Built to industry standards. Specifications: Color: Standard, Material: Steel.",,,,,,,,,,,,,,,,,,,,,,,,,,General Industrial,Color,Standard,,,,,,,,,,,,,,,,,,,,,,,,,,,,,,,,,,,,,,,,,,,,,,,,,,,,,,,,,,,,,,,,,,,,,,,,,,,,,,,,,,,,,,,,,,,,,,,,,,,,,,,,,,,,,,,,,,,,,,,,,,,,,,,,,,,,,,,,,,,,,,,,,,,,,,,,,,,,,,,,,,,,,,,,,,,,,,,,,,,,,,,,,,,,,,,,,,,No
,,,,,,20000072,General Merchandise,Unclassified,General Industrial,1500072,DF7004WE,DF7004WE Speed Queen Elect Dryer Wh,Generic / Unbranded,Generic / Unbranded,Generic / Unbranded,Appliance Dealers Cooperative,Appliance Dealers Cooperative,Generic / Unbranded,,DF7004WE,,General Industrial>Unclassified,DF7004WE General Industrial,DF7004WE General Industrial,"Appliance Dealers Cooperative DF7004WE General Industrial - Color: Standard, Mat","Appliance Dealers Cooperative DF7004WE General Industrial. Manufacturer Part Number: DF7004WE. Features & Specifications: Color: Standard, Material: Steel.","Appliance Dealers Cooperative DF7004WE General Industrial. Color: Standard, Material: Steel","High quality Appliance Dealers Cooperative DF7004WE General Industrial. Built to industry standards. Specifications: Color: Standard, Material: Steel.",,,,,,,,,,,,,,,,,,,,,,,,,,General Industrial,Color,Standard,,,,,,,,,,,,,,,,,,,,,,,,,,,,,,,,,,,,,,,,,,,,,,,,,,,,,,,,,,,,,,,,,,,,,,,,,,,,,,,,,,,,,,,,,,,,,,,,,,,,,,,,,,,,,,,,,,,,,,,,,,,,,,,,,,,,,,,,,,,,,,,,,,,,,,,,,,,,,,,,,,,,,,,,,,,,,,,,,,,,,,,,,,,,,,,,,,,No
,,,,,,20000073,General Merchandise,Unclassified,General Industrial,1500073,DR7004BE,DR7004BE SQ Elect Dryer Bk,Generic / Unbranded,Generic / Unbranded,Generic / Unbranded,Appliance Dealers Cooperative,Appliance Dealers Cooperative,Generic / Unbranded,,DR7004BE,,General Industrial>Unclassified,DR7004BE General Industrial,DR7004BE General Industrial,"Appliance Dealers Cooperative DR7004BE General Industrial - Color: Standard, Mat","Appliance Dealers Cooperative DR7004BE General Industrial. Manufacturer Part Number: DR7004BE. Features & Specifications: Color: Standard, Material: Steel.","Appliance Dealers Cooperative DR7004BE General Industrial. Color: Standard, Material: Steel","High quality Appliance Dealers Cooperative DR7004BE General Industrial. Built to industry standards. Specifications: Color: Standard, Material: Steel.",,,,,,,,,,,,,,,,,,,,,,,,,,General Industrial,Color,Standard,,,,,,,,,,,,,,,,,,,,,,,,,,,,,,,,,,,,,,,,,,,,,,,,,,,,,,,,,,,,,,,,,,,,,,,,,,,,,,,,,,,,,,,,,,,,,,,,,,,,,,,,,,,,,,,,,,,,,,,,,,,,,,,,,,,,,,,,,,,,,,,,,,,,,,,,,,,,,,,,,,,,,,,,,,,,,,,,,,,,,,,,,,,,,,,,,,,No
,,,,,,20000074,General Merchandise,Unclassified,General Industrial,1500074,DV2000WE,DV2000WE SQ Elect Dryer Wh,Generic / Unbranded,Generic / Unbranded,Generic / Unbranded,Appliance Dealers Cooperative,Appliance Dealers Cooperative,Generic / Unbranded,,DV2000WE,,General Industrial>Unclassified,DV2000WE General Industrial,DV2000WE General Industrial,"Appliance Dealers Cooperative DV2000WE General Industrial - Color: Standard, Mat","Appliance Dealers Cooperative DV2000WE General Industrial. Manufacturer Part Number: DV2000WE. Features & Specifications: Color: Standard, Material: Steel.","Appliance Dealers Cooperative DV2000WE General Industrial. Color: Standard, Material: Steel","High quality Appliance Dealers Cooperative DV2000WE General Industrial. Built to industry standards. Specifications: Color: Standard, Material: Steel.",,,,,,,,,,,,,,,,,,,,,,,,,,General Industrial,Color,Standard,,,,,,,,,,,,,,,,,,,,,,,,,,,,,,,,,,,,,,,,,,,,,,,,,,,,,,,,,,,,,,,,,,,,,,,,,,,,,,,,,,,,,,,,,,,,,,,,,,,,,,,,,,,,,,,,,,,,,,,,,,,,,,,,,,,,,,,,,,,,,,,,,,,,,,,,,,,,,,,,,,,,,,,,,,,,,,,,,,,,,,,,,,,,,,,,,,,No
,,,,,,20000075,General Merchandise,Unclassified,General Industrial,1500075,DC5004WE,DC5004WE SQ Elect Dryer Wh,Generic / Unbranded,Generic / Unbranded,Generic / Unbranded,Appliance Dealers Cooperative,Appliance Dealers Cooperative,Generic / Unbranded,,DC5004WE,,General Industrial>Unclassified,DC5004WE General Industrial,DC5004WE General Industrial,"Appliance Dealers Cooperative DC5004WE General Industrial - Color: Standard, Mat","Appliance Dealers Cooperative DC5004WE General Industrial. Manufacturer Part Number: DC5004WE. Features & Specifications: Color: Standard, Material: Steel.","Appliance Dealers Cooperative DC5004WE General Industrial. Color: Standard, Material: Steel","High quality Appliance Dealers Cooperative DC5004WE General Industrial. Built to industry standards. Specifications: Color: Standard, Material: Steel.",,,,,,,,,,,,,,,,,,,,,,,,,,General Industrial,Color,Standard,,,,,,,,,,,,,,,,,,,,,,,,,,,,,,,,,,,,,,,,,,,,,,,,,,,,,,,,,,,,,,,,,,,,,,,,,,,,,,,,,,,,,,,,,,,,,,,,,,,,,,,,,,,,,,,,,,,,,,,,,,,,,,,,,,,,,,,,,,,,,,,,,,,,,,,,,,,,,,,,,,,,,,,,,,,,,,,,,,,,,,,,,,,,,,,,,,,No
,,,,,,20000076,General Merchandise,Unclassified,General Industrial,1500076,DC5004BE,DC5004BE SQ Elect Dryer Bk,Generic / Unbranded,Generic / Unbranded,Generic / Unbranded,Appliance Dealers Cooperative,Appliance Dealers Cooperative,Generic / Unbranded,,DC5004BE,,General Industrial>Unclassified,DC5004BE General Industrial,DC5004BE General Industrial,"Appliance Dealers Cooperative DC5004BE General Industrial - Color: Standard, Mat","Appliance Dealers Cooperative DC5004BE General Industrial. Manufacturer Part Number: DC5004BE. Features & Specifications: Color: Standard, Material: Steel.","Appliance Dealers Cooperative DC5004BE General Industrial. Color: Standard, Material: Steel","High quality Appliance Dealers Cooperative DC5004BE General Industrial. Built to industry standards. Specifications: Color: Standard, Material: Steel.",,,,,,,,,,,,,,,,,,,,,,,,,,General Industrial,Color,Standard,,,,,,,,,,,,,,,,,,,,,,,,,,,,,,,,,,,,,,,,,,,,,,,,,,,,,,,,,,,,,,,,,,,,,,,,,,,,,,,,,,,,,,,,,,,,,,,,,,,,,,,,,,,,,,,,,,,,,,,,,,,,,,,,,,,,,,,,,,,,,,,,,,,,,,,,,,,,,,,,,,,,,,,,,,,,,,,,,,,,,,,,,,,,,,,,,,,No
,,,,,,20000077,General Merchandise,Unclassified,General Industrial,1500077,WKE100HWA,WKE100HWA LG Laundry Center Wh - Display,Generic / Unbranded,Generic / Unbranded,Generic / Unbranded,Appliance Dealers Cooperative,Appliance Dealers Cooperative,Generic / Unbranded,,WKE100HWA,,General Industrial>Unclassified,WKE100HWA General Industrial,WKE100HWA General Industrial,"Appliance Dealers Cooperative WKE100HWA General Industrial - Color: Standard, Ma","Appliance Dealers Cooperative WKE100HWA General Industrial. Manufacturer Part Number: WKE100HWA. Features & Specifications: Color: Standard, Material: Steel.","Appliance Dealers Cooperative WKE100HWA General Industrial. Color: Standard, Material: Steel","High quality Appliance Dealers Cooperative WKE100HWA General Industrial. Built to industry standards. Specifications: Color: Standard, Material: Steel.",,,,,,,,,,,,,,,,,,,,,,,,,,General Industrial,Color,Standard,,,,,,,,,,,,,,,,,,,,,,,,,,,,,,,,,,,,,,,,,,,,,,,,,,,,,,,,,,,,,,,,,,,,,,,,,,,,,,,,,,,,,,,,,,,,,,,,,,,,,,,,,,,,,,,,,,,,,,,,,,,,,,,,,,,,,,,,,,,,,,,,,,,,,,,,,,,,,,,,,,,,,,,,,,,,,,,,,,,,,,,,,,,,,,,,,,,No
,,,,,,20000078,General Merchandise,Unclassified,General Industrial,1500078,FF7011WN,FF7011WN Speed Queen Washer Wh,Generic / Unbranded,Generic / Unbranded,Generic / Unbranded,Appliance Dealers Cooperative,Appliance Dealers Cooperative,Generic / Unbranded,,FF7011WN,,General Industrial>Unclassified,FF7011WN General Industrial,FF7011WN General Industrial,"Appliance Dealers Cooperative FF7011WN General Industrial - Color: Standard, Mat","Appliance Dealers Cooperative FF7011WN General Industrial. Manufacturer Part Number: FF7011WN. Features & Specifications: Color: Standard, Material: Steel.","Appliance Dealers Cooperative FF7011WN General Industrial. Color: Standard, Material: Steel","High quality Appliance Dealers Cooperative FF7011WN General Industrial. Built to industry standards. Specifications: Color: Standard, Material: Steel.",,,,,,,,,,,,,,,,,,,,,,,,,,General Industrial,Color,Standard,,,,,,,,,,,,,,,,,,,,,,,,,,,,,,,,,,,,,,,,,,,,,,,,,,,,,,,,,,,,,,,,,,,,,,,,,,,,,,,,,,,,,,,,,,,,,,,,,,,,,,,,,,,,,,,,,,,,,,,,,,,,,,,,,,,,,,,,,,,,,,,,,,,,,,,,,,,,,,,,,,,,,,,,,,,,,,,,,,,,,,,,,,,,,,,,,,,No
,,,,,,20000079,General Merchandise,Unclassified,General Industrial,1500079,PTD70GBPTDG,PTD70GBPTDG GE Gas Dryer DG,Generic / Unbranded,Generic / Unbranded,Generic / Unbranded,Appliance Dealers Cooperative,Appliance Dealers Cooperative,Generic / Unbranded,,PTD70GBPTDG,,General Industrial>Unclassified,PTD70GBPTDG General Industrial,PTD70GBPTDG General Industrial,"Appliance Dealers Cooperative PTD70GBPTDG General Industrial - Color: Standard,","Appliance Dealers Cooperative PTD70GBPTDG General Industrial. Manufacturer Part Number: PTD70GBPTDG. Features & Specifications: Color: Standard, Material: Steel.","Appliance Dealers Cooperative PTD70GBPTDG General Industrial. Color: Standard, Material: Steel","High quality Appliance Dealers Cooperative PTD70GBPTDG General Industrial. Built to industry standards. Specifications: Color: Standard, Material: Steel.",,,,,,,,,,,,,,,,,,,,,,,,,,General Industrial,Color,Standard,,,,,,,,,,,,,,,,,,,,,,,,,,,,,,,,,,,,,,,,,,,,,,,,,,,,,,,,,,,,,,,,,,,,,,,,,,,,,,,,,,,,,,,,,,,,,,,,,,,,,,,,,,,,,,,,,,,,,,,,,,,,,,,,,,,,,,,,,,,,,,,,,,,,,,,,,,,,,,,,,,,,,,,,,,,,,,,,,,,,,,,,,,,,,,,,,,,No
,,,,,,20000080,General Merchandise,Unclassified,General Industrial,1500080,PTD70GBSTWS,PTD70GBSTWS GE Gas Dryer Wh,Generic / Unbranded,Generic / Unbranded,Generic / Unbranded,Appliance Dealers Cooperative,Appliance Dealers Cooperative,Generic / Unbranded,,PTD70GBSTWS,,General Industrial>Unclassified,PTD70GBSTWS General Industrial,PTD70GBSTWS General Industrial,"Appliance Dealers Cooperative PTD70GBSTWS General Industrial - Color: Standard,","Appliance Dealers Cooperative PTD70GBSTWS General Industrial. Manufacturer Part Number: PTD70GBSTWS. Features & Specifications: Color: Standard, Material: Steel.","Appliance Dealers Cooperative PTD70GBSTWS General Industrial. Color: Standard, Material: Steel","High quality Appliance Dealers Cooperative PTD70GBSTWS General Industrial. Built to industry standards. Specifications: Color: Standard, Material: Steel.",,,,,,,,,,,,,,,,,,,,,,,,,,General Industrial,Color,Standard,,,,,,,,,,,,,,,,,,,,,,,,,,,,,,,,,,,,,,,,,,,,,,,,,,,,,,,,,,,,,,,,,,,,,,,,,,,,,,,,,,,,,,,,,,,,,,,,,,,,,,,,,,,,,,,,,,,,,,,,,,,,,,,,,,,,,,,,,,,,,,,,,,,,,,,,,,,,,,,,,,,,,,,,,,,,,,,,,,,,,,,,,,,,,,,,,,,No
,,,,,,20000081,General Merchandise,Unclassified,General Industrial,1500081,DR5004WG,DR5004WG SQ Gas Dryer Wh,Generic / Unbranded,Generic / Unbranded,Generic / Unbranded,Appliance Dealers Cooperative,Appliance Dealers Cooperative,Generic / Unbranded,,DR5004WG,,General Industrial>Unclassified,DR5004WG General Industrial,DR5004WG General Industrial,"Appliance Dealers Cooperative DR5004WG General Industrial - Color: Standard, Mat","Appliance Dealers Cooperative DR5004WG General Industrial. Manufacturer Part Number: DR5004WG. Features & Specifications: Color: Standard, Material: Steel.","Appliance Dealers Cooperative DR5004WG General Industrial. Color: Standard, Material: Steel","High quality Appliance Dealers Cooperative DR5004WG General Industrial. Built to industry standards. Specifications: Color: Standard, Material: Steel.",,,,,,,,,,,,,,,,,,,,,,,,,,General Industrial,Color,Standard,,,,,,,,,,,,,,,,,,,,,,,,,,,,,,,,,,,,,,,,,,,,,,,,,,,,,,,,,,,,,,,,,,,,,,,,,,,,,,,,,,,,,,,,,,,,,,,,,,,,,,,,,,,,,,,,,,,,,,,,,,,,,,,,,,,,,,,,,,,,,,,,,,,,,,,,,,,,,,,,,,,,,,,,,,,,,,,,,,,,,,,,,,,,,,,,,,,No
,,,,,,20000082,General Merchandise,Unclassified,General Industrial,1500082,DR7004BG,DR7004BG SQ Gas Dryer Bk,Generic / Unbranded,Generic / Unbranded,Generic / Unbranded,Appliance Dealers Cooperative,Appliance Dealers Cooperative,Generic / Unbranded,,DR7004BG,,General Industrial>Unclassified,DR7004BG General Industrial,DR7004BG General Industrial,"Appliance Dealers Cooperative DR7004BG General Industrial - Color: Standard, Mat","Appliance Dealers Cooperative DR7004BG General Industrial. Manufacturer Part Number: DR7004BG. Features & Specifications: Color: Standard, Material: Steel.","Appliance Dealers Cooperative DR7004BG General Industrial. Color: Standard, Material: Steel","High quality Appliance Dealers Cooperative DR7004BG General Industrial. Built to industry standards. Specifications: Color: Standard, Material: Steel.",,,,,,,,,,,,,,,,,,,,,,,,,,General Industrial,Color,Standard,,,,,,,,,,,,,,,,,,,,,,,,,,,,,,,,,,,,,,,,,,,,,,,,,,,,,,,,,,,,,,,,,,,,,,,,,,,,,,,,,,,,,,,,,,,,,,,,,,,,,,,,,,,,,,,,,,,,,,,,,,,,,,,,,,,,,,,,,,,,,,,,,,,,,,,,,,,,,,,,,,,,,,,,,,,,,,,,,,,,,,,,,,,,,,,,,,,No
,,,,,,20000083,General Merchandise,Unclassified,General Industrial,1500083,DR7004WG,DR7004WG SQ Gas Dryer Wh,Generic / Unbranded,Generic / Unbranded,Generic / Unbranded,Appliance Dealers Cooperative,Appliance Dealers Cooperative,Generic / Unbranded,,DR7004WG,,General Industrial>Unclassified,DR7004WG General Industrial,DR7004WG General Industrial,"Appliance Dealers Cooperative DR7004WG General Industrial - Color: Standard, Mat","Appliance Dealers Cooperative DR7004WG General Industrial. Manufacturer Part Number: DR7004WG. Features & Specifications: Color: Standard, Material: Steel.","Appliance Dealers Cooperative DR7004WG General Industrial. Color: Standard, Material: Steel","High quality Appliance Dealers Cooperative DR7004WG General Industrial. Built to industry standards. Specifications: Color: Standard, Material: Steel.",,,,,,,,,,,,,,,,,,,,,,,,,,General Industrial,Color,Standard,,,,,,,,,,,,,,,,,,,,,,,,,,,,,,,,,,,,,,,,,,,,,,,,,,,,,,,,,,,,,,,,,,,,,,,,,,,,,,,,,,,,,,,,,,,,,,,,,,,,,,,,,,,,,,,,,,,,,,,,,,,,,,,,,,,,,,,,,,,,,,,,,,,,,,,,,,,,,,,,,,,,,,,,,,,,,,,,,,,,,,,,,,,,,,,,,,,No
,,,,,,20000084,General Merchandise,Unclassified,General Industrial,1500084,DV2000WG,DV2000WG SQ Gas Dryer Wh,Generic / Unbranded,Generic / Unbranded,Generic / Unbranded,Appliance Dealers Cooperative,Appliance Dealers Cooperative,Generic / Unbranded,,DV2000WG,,General Industrial>Unclassified,DV2000WG General Industrial,DV2000WG General Industrial,"Appliance Dealers Cooperative DV2000WG General Industrial - Color: Standard, Mat","Appliance Dealers Cooperative DV2000WG General Industrial. Manufacturer Part Number: DV2000WG. Features & Specifications: Color: Standard, Material: Steel.","Appliance Dealers Cooperative DV2000WG General Industrial. Color: Standard, Material: Steel","High quality Appliance Dealers Cooperative DV2000WG General Industrial. Built to industry standards. Specifications: Color: Standard, Material: Steel.",,,,,,,,,,,,,,,,,,,,,,,,,,General Industrial,Color,Standard,,,,,,,,,,,,,,,,,,,,,,,,,,,,,,,,,,,,,,,,,,,,,,,,,,,,,,,,,,,,,,,,,,,,,,,,,,,,,,,,,,,,,,,,,,,,,,,,,,,,,,,,,,,,,,,,,,,,,,,,,,,,,,,,,,,,,,,,,,,,,,,,,,,,,,,,,,,,,,,,,,,,,,,,,,,,,,,,,,,,,,,,,,,,,,,,,,,No
,,,,,,20000085,General Merchandise,Unclassified,General Industrial,1500085,DC5004WG,DC5004WG SQ Gas Dryer Wh,Generic / Unbranded,Generic / Unbranded,Generic / Unbranded,Appliance Dealers Cooperative,Appliance Dealers Cooperative,Generic / Unbranded,,DC5004WG,,General Industrial>Unclassified,DC5004WG General Industrial,DC5004WG General Industrial,"Appliance Dealers Cooperative DC5004WG General Industrial - Color: Standard, Mat","Appliance Dealers Cooperative DC5004WG General Industrial. Manufacturer Part Number: DC5004WG. Features & Specifications: Color: Standard, Material: Steel.","Appliance Dealers Cooperative DC5004WG General Industrial. Color: Standard, Material: Steel","High quality Appliance Dealers Cooperative DC5004WG General Industrial. Built to industry standards. Specifications: Color: Standard, Material: Steel.",,,,,,,,,,,,,,,,,,,,,,,,,,General Industrial,Color,Standard,,,,,,,,,,,,,,,,,,,,,,,,,,,,,,,,,,,,,,,,,,,,,,,,,,,,,,,,,,,,,,,,,,,,,,,,,,,,,,,,,,,,,,,,,,,,,,,,,,,,,,,,,,,,,,,,,,,,,,,,,,,,,,,,,,,,,,,,,,,,,,,,,,,,,,,,,,,,,,,,,,,,,,,,,,,,,,,,,,,,,,,,,,,,,,,,,,,No
,,,,,,20000086,General Merchandise,Unclassified,General Industrial,1500086,DC5004BG,DC5004BG SQ Gas Dryer Bk,Generic / Unbranded,Generic / Unbranded,Generic / Unbranded,Appliance Dealers Cooperative,Appliance Dealers Cooperative,Generic / Unbranded,,DC5004BG,,General Industrial>Unclassified,DC5004BG General Industrial,DC5004BG General Industrial,"Appliance Dealers Cooperative DC5004BG General Industrial - Color: Standard, Mat","Appliance Dealers Cooperative DC5004BG General Industrial. Manufacturer Part Number: DC5004BG. Features & Specifications: Color: Standard, Material: Steel.","Appliance Dealers Cooperative DC5004BG General Industrial. Color: Standard, Material: Steel","High quality Appliance Dealers Cooperative DC5004BG General Industrial. Built to industry standards. Specifications: Color: Standard, Material: Steel.",,,,,,,,,,,,,,,,,,,,,,,,,,General Industrial,Color,Standard,,,,,,,,,,,,,,,,,,,,,,,,,,,,,,,,,,,,,,,,,,,,,,,,,,,,,,,,,,,,,,,,,,,,,,,,,,,,,,,,,,,,,,,,,,,,,,,,,,,,,,,,,,,,,,,,,,,,,,,,,,,,,,,,,,,,,,,,,,,,,,,,,,,,,,,,,,,,,,,,,,,,,,,,,,,,,,,,,,,,,,,,,,,,,,,,,,,No
,,,,,,20000087,General Merchandise,Unclassified,General Industrial,1500087,PTW705BSTWS,PTW705BSTWS GE Washer Wh,Generic / Unbranded,Generic / Unbranded,Generic / Unbranded,Appliance Dealers Cooperative,Appliance Dealers Cooperative,Generic / Unbranded,,PTW705BSTWS,,General Industrial>Unclassified,PTW705BSTWS General Industrial,PTW705BSTWS General Industrial,"Appliance Dealers Cooperative PTW705BSTWS General Industrial - Color: Standard,","Appliance Dealers Cooperative PTW705BSTWS General Industrial. Manufacturer Part Number: PTW705BSTWS. Features & Specifications: Color: Standard, Material: Steel.","Appliance Dealers Cooperative PTW705BSTWS General Industrial. Color: Standard, Material: Steel","High quality Appliance Dealers Cooperative PTW705BSTWS General Industrial. Built to industry standards. Specifications: Color: Standard, Material: Steel.",,,,,,,,,,,,,,,,,,,,,,,,,,General Industrial,Color,Standard,,,,,,,,,,,,,,,,,,,,,,,,,,,,,,,,,,,,,,,,,,,,,,,,,,,,,,,,,,,,,,,,,,,,,,,,,,,,,,,,,,,,,,,,,,,,,,,,,,,,,,,,,,,,,,,,,,,,,,,,,,,,,,,,,,,,,,,,,,,,,,,,,,,,,,,,,,,,,,,,,,,,,,,,,,,,,,,,,,,,,,,,,,,,,,,,,,,No
,,,,,,20000088,General Merchandise,Unclassified,General Industrial,1500088,MVWP586GW,MVWP586GW Washer Wh - Display,Generic / Unbranded,Generic / Unbranded,Generic / Unbranded,Appliance Dealers Cooperative,Appliance Dealers Cooperative,Generic / Unbranded,,MVWP586GW,,General Industrial>Unclassified,MVWP586GW General Industrial,MVWP586GW General Industrial,"Appliance Dealers Cooperative MVWP586GW General Industrial - Color: Standard, Ma","Appliance Dealers Cooperative MVWP586GW General Industrial. Manufacturer Part Number: MVWP586GW. Features & Specifications: Color: Standard, Material: Steel.","Appliance Dealers Cooperative MVWP586GW General Industrial. Color: Standard, Material: Steel","High quality Appliance Dealers Cooperative MVWP586GW General Industrial. Built to industry standards. Specifications: Color: Standard, Material: Steel.",,,,,,,,,,,,,,,,,,,,,,,,,,General Industrial,Color,Standard,,,,,,,,,,,,,,,,,,,,,,,,,,,,,,,,,,,,,,,,,,,,,,,,,,,,,,,,,,,,,,,,,,,,,,,,,,,,,,,,,,,,,,,,,,,,,,,,,,,,,,,,,,,,,,,,,,,,,,,,,,,,,,,,,,,,,,,,,,,,,,,,,,,,,,,,,,,,,,,,,,,,,,,,,,,,,,,,,,,,,,,,,,,,,,,,,,,No
,,,,,,20000089,General Merchandise,Unclassified,General Industrial,1500089,TV2000WN,TV2000WN SQ Elect Washer,Generic / Unbranded,Generic / Unbranded,Generic / Unbranded,Appliance Dealers Cooperative,Appliance Dealers Cooperative,Generic / Unbranded,,TV2000WN,,General Industrial>Unclassified,TV2000WN General Industrial,TV2000WN General Industrial,"Appliance Dealers Cooperative TV2000WN General Industrial - Color: Standard, Mat","Appliance Dealers Cooperative TV2000WN General Industrial. Manufacturer Part Number: TV2000WN. Features & Specifications: Color: Standard, Material: Steel.","Appliance Dealers Cooperative TV2000WN General Industrial. Color: Standard, Material: Steel","High quality Appliance Dealers Cooperative TV2000WN General Industrial. Built to industry standards. Specifications: Color: Standard, Material: Steel.",,,,,,,,,,,,,,,,,,,,,,,,,,General Industrial,Color,Standard,,,,,,,,,,,,,,,,,,,,,,,,,,,,,,,,,,,,,,,,,,,,,,,,,,,,,,,,,,,,,,,,,,,,,,,,,,,,,,,,,,,,,,,,,,,,,,,,,,,,,,,,,,,,,,,,,,,,,,,,,,,,,,,,,,,,,,,,,,,,,,,,,,,,,,,,,,,,,,,,,,,,,,,,,,,,,,,,,,,,,,,,,,,,,,,,,,,No
,,,,,,20000090,General Merchandise,Unclassified,General Industrial,1500090,TC5003BN,TC5003BN SQ Washer Bk,Generic / Unbranded,Generic / Unbranded,Generic / Unbranded,Appliance Dealers Cooperative,Appliance Dealers Cooperative,Generic / Unbranded,,TC5003BN,,General Industrial>Unclassified,TC5003BN General Industrial,TC5003BN General Industrial,"Appliance Dealers Cooperative TC5003BN General Industrial - Color: Standard, Mat","Appliance Dealers Cooperative TC5003BN General Industrial. Manufacturer Part Number: TC5003BN. Features & Specifications: Color: Standard, Material: Steel.","Appliance Dealers Cooperative TC5003BN General Industrial. Color: Standard, Material: Steel","High quality Appliance Dealers Cooperative TC5003BN General Industrial. Built to industry standards. Specifications: Color: Standard, Material: Steel.",,,,,,,,,,,,,,,,,,,,,,,,,,General Industrial,Color,Standard,,,,,,,,,,,,,,,,,,,,,,,,,,,,,,,,,,,,,,,,,,,,,,,,,,,,,,,,,,,,,,,,,,,,,,,,,,,,,,,,,,,,,,,,,,,,,,,,,,,,,,,,,,,,,,,,,,,,,,,,,,,,,,,,,,,,,,,,,,,,,,,,,,,,,,,,,,,,,,,,,,,,,,,,,,,,,,,,,,,,,,,,,,,,,,,,,,,No
,,,,,,20000091,General Merchandise,Unclassified,General Industrial,1500091,TR7006WN,TR7006WN Speed Queen Washer Wh,Generic / Unbranded,Generic / Unbranded,Generic / Unbranded,Appliance Dealers Cooperative,Appliance Dealers Cooperative,Generic / Unbranded,,TR7006WN,,General Industrial>Unclassified,TR7006WN General Industrial,TR7006WN General Industrial,"Appliance Dealers Cooperative TR7006WN General Industrial - Color: Standard, Mat","Appliance Dealers Cooperative TR7006WN General Industrial. Manufacturer Part Number: TR7006WN. Features & Specifications: Color: Standard, Material: Steel.","Appliance Dealers Cooperative TR7006WN General Industrial. Color: Standard, Material: Steel","High quality Appliance Dealers Cooperative TR7006WN General Industrial. Built to industry standards. Specifications: Color: Standard, Material: Steel.",,,,,,,,,,,,,,,,,,,,,,,,,,General Industrial,Color,Standard,,,,,,,,,,,,,,,,,,,,,,,,,,,,,,,,,,,,,,,,,,,,,,,,,,,,,,,,,,,,,,,,,,,,,,,,,,,,,,,,,,,,,,,,,,,,,,,,,,,,,,,,,,,,,,,,,,,,,,,,,,,,,,,,,,,,,,,,,,,,,,,,,,,,,,,,,,,,,,,,,,,,,,,,,,,,,,,,,,,,,,,,,,,,,,,,,,,No
,,,,,,20000092,General Merchandise,Unclassified,General Industrial,1500092,TR7006BN,TR7006BN Speed Queen Washer Bk,Generic / Unbranded,Generic / Unbranded,Generic / Unbranded,Appliance Dealers Cooperative,Appliance Dealers Cooperative,Generic / Unbranded,,TR7006BN,,General Industrial>Unclassified,TR7006BN General Industrial,TR7006BN General Industrial,"Appliance Dealers Cooperative TR7006BN General Industrial - Color: Standard, Mat","Appliance Dealers Cooperative TR7006BN General Industrial. Manufacturer Part Number: TR7006BN. Features & Specifications: Color: Standard, Material: Steel.","Appliance Dealers Cooperative TR7006BN General Industrial. Color: Standard, Material: Steel","High quality Appliance Dealers Cooperative TR7006BN General Industrial. Built to industry standards. Specifications: Color: Standard, Material: Steel.",,,,,,,,,,,,,,,,,,,,,,,,,,General Industrial,Color,Standard,,,,,,,,,,,,,,,,,,,,,,,,,,,,,,,,,,,,,,,,,,,,,,,,,,,,,,,,,,,,,,,,,,,,,,,,,,,,,,,,,,,,,,,,,,,,,,,,,,,,,,,,,,,,,,,,,,,,,,,,,,,,,,,,,,,,,,,,,,,,,,,,,,,,,,,,,,,,,,,,,,,,,,,,,,,,,,,,,,,,,,,,,,,,,,,,,,,No
,,,,,,20000093,General Merchandise,Unclassified,General Industrial,1500093,TR5006WN,TR5006WN Speed Queen Washer Wh,Generic / Unbranded,Generic / Unbranded,Generic / Unbranded,Appliance Dealers Cooperative,Appliance Dealers Cooperative,Generic / Unbranded,,TR5006WN,,General Industrial>Unclassified,TR5006WN General Industrial,TR5006WN General Industrial,"Appliance Dealers Cooperative TR5006WN General Industrial - Color: Standard, Mat","Appliance Dealers Cooperative TR5006WN General Industrial. Manufacturer Part Number: TR5006WN. Features & Specifications: Color: Standard, Material: Steel.","Appliance Dealers Cooperative TR5006WN General Industrial. Color: Standard, Material: Steel","High quality Appliance Dealers Cooperative TR5006WN General Industrial. Built to industry standards. Specifications: Color: Standard, Material: Steel.",,,,,,,,,,,,,,,,,,,,,,,,,,General Industrial,Color,Standard,,,,,,,,,,,,,,,,,,,,,,,,,,,,,,,,,,,,,,,,,,,,,,,,,,,,,,,,,,,,,,,,,,,,,,,,,,,,,,,,,,,,,,,,,,,,,,,,,,,,,,,,,,,,,,,,,,,,,,,,,,,,,,,,,,,,,,,,,,,,,,,,,,,,,,,,,,,,,,,,,,,,,,,,,,,,,,,,,,,,,,,,,,,,,,,,,,,No
,,,,,,20000094,General Merchandise,Unclassified,General Industrial,1500094,05134545001,9516 Kneeling Pad& Bttl Opener,Generic / Unbranded,Generic / Unbranded,Generic / Unbranded,Freud Inc,Freud Inc,Generic / Unbranded,,05134545001,,General Industrial>Unclassified,05134545001 General Industrial,05134545001 General Industrial,"Freud Inc 05134545001 General Industrial - Color: Standard, Material: Steel","Freud Inc 05134545001 General Industrial. Manufacturer Part Number: 05134545001. Features & Specifications: Color: Standard, Material: Steel.","Freud Inc 05134545001 General Industrial. Color: Standard, Material: Steel","High quality Freud Inc 05134545001 General Industrial. Built to industry standards. Specifications: Color: Standard, Material: Steel.",,,,,,,,,,,,,,,,,,,,,,,,,,General Industrial,Color,Standard,,,,,,,,,,,,,,,,,,,,,,,,,,,,,,,,,,,,,,,,,,,,,,,,,,,,,,,,,,,,,,,,,,,,,,,,,,,,,,,,,,,,,,,,,,,,,,,,,,,,,,,,,,,,,,,,,,,,,,,,,,,,,,,,,,,,,,,,,,,,,,,,,,,,,,,,,,,,,,,,,,,,,,,,,,,,,,,,,,,,,,,,,,,,,,,,,,,No
,,,,,,20000095,General Merchandise,Unclassified,General Industrial,1500095,LNL65301,LNL65301 Digital Tire Pressure - Inflator Gauge,Generic / Unbranded,Generic / Unbranded,Generic / Unbranded,Rheem Manufacturing,Rheem Manufacturing,Generic / Unbranded,,LNL65301,,General Industrial>Unclassified,LNL65301 General Industrial,LNL65301 General Industrial,"Rheem Manufacturing LNL65301 General Industrial - Color: Standard, Material: Ste","Rheem Manufacturing LNL65301 General Industrial. Manufacturer Part Number: LNL65301. Features & Specifications: Color: Standard, Material: Steel.","Rheem Manufacturing LNL65301 General Industrial. Color: Standard, Material: Steel","High quality Rheem Manufacturing LNL65301 General Industrial. Built to industry standards. Specifications: Color: Standard, Material: Steel.",,,,,,,,,,,,,,,,,,,,,,,,,,General Industrial,Color,Standard,,,,,,,,,,,,,,,,,,,,,,,,,,,,,,,,,,,,,,,,,,,,,,,,,,,,,,,,,,,,,,,,,,,,,,,,,,,,,,,,,,,,,,,,,,,,,,,,,,,,,,,,,,,,,,,,,,,,,,,,,,,,,,,,,,,,,,,,,,,,,,,,,,,,,,,,,,,,,,,,,,,,,,,,,,,,,,,,,,,,,,,,,,,,,,,,,,,No
,,,,,,20000096,General Merchandise,Unclassified,General Industrial,1500096,25-A,Charcoal Black 25-A Mortar - Type N,Generic / Unbranded,Generic / Unbranded,Generic / Unbranded,3M Company,3M Company,Generic / Unbranded,,25-A,,General Industrial>Unclassified,25-A General Industrial,25-A General Industrial,"3M Company 25-A General Industrial - Color: Standard, Material: Steel","3M Company 25-A General Industrial. Manufacturer Part Number: 25-A. Features & Specifications: Color: Standard, Material: Steel.","3M Company 25-A General Industrial. Color: Standard, Material: Steel","High quality 3M Company 25-A General Industrial. Built to industry standards. Specifications: Color: Standard, Material: Steel.",,,,,,,,,,,,,,,,,,,,,,,,,,General Industrial,Color,Standard,,,,,,,,,,,,,,,,,,,,,,,,,,,,,,,,,,,,,,,,,,,,,,,,,,,,,,,,,,,,,,,,,,,,,,,,,,,,,,,,,,,,,,,,,,,,,,,,,,,,,,,,,,,,,,,,,,,,,,,,,,,,,,,,,,,,,,,,,,,,,,,,,,,,,,,,,,,,,,,,,,,,,,,,,,,,,,,,,,,,,,,,,,,,,,,,,,,No
,,,,,,20000097,General Merchandise,Unclassified,General Industrial,1500097,38-E,Dark Chocolate 38-E Mortar - Type N,Generic / Unbranded,Generic / Unbranded,Generic / Unbranded,3M Company,3M Company,Generic / Unbranded,,38-E,,General Industrial>Unclassified,38-E General Industrial,38-E General Industrial,"3M Company 38-E General Industrial - Color: Standard, Material: Steel","3M Company 38-E General Industrial. Manufacturer Part Number: 38-E. Features & Specifications: Color: Standard, Material: Steel.","3M Company 38-E General Industrial. Color: Standard, Material: Steel","High quality 3M Company 38-E General Industrial. Built to industry standards. Specifications: Color: Standard, Material: Steel.",,,,,,,,,,,,,,,,,,,,,,,,,,General Industrial,Color,Standard,,,,,,,,,,,,,,,,,,,,,,,,,,,,,,,,,,,,,,,,,,,,,,,,,,,,,,,,,,,,,,,,,,,,,,,,,,,,,,,,,,,,,,,,,,,,,,,,,,,,,,,,,,,,,,,,,,,,,,,,,,,,,,,,,,,,,,,,,,,,,,,,,,,,,,,,,,,,,,,,,,,,,,,,,,,,,,,,,,,,,,,,,,,,,,,,,,,No
,,,,,,20000098,General Merchandise,Unclassified,General Industrial,1500098,59-J,Light Buff 59-J Mortar - Type N,Generic / Unbranded,Generic / Unbranded,Generic / Unbranded,3M Company,3M Company,Generic / Unbranded,,59-J,,General Industrial>Unclassified,59-J General Industrial,59-J General Industrial,"3M Company 59-J General Industrial - Color: Standard, Material: Steel","3M Company 59-J General Industrial. Manufacturer Part Number: 59-J. Features & Specifications: Color: Standard, Material: Steel.","3M Company 59-J General Industrial. Color: Standard, Material: Steel","High quality 3M Company 59-J General Industrial. Built to industry standards. Specifications: Color: Standard, Material: Steel.",,,,,,,,,,,,,,,,,,,,,,,,,,General Industrial,Color,Standard,,,,,,,,,,,,,,,,,,,,,,,,,,,,,,,,,,,,,,,,,,,,,,,,,,,,,,,,,,,,,,,,,,,,,,,,,,,,,,,,,,,,,,,,,,,,,,,,,,,,,,,,,,,,,,,,,,,,,,,,,,,,,,,,,,,,,,,,,,,,,,,,,,,,,,,,,,,,,,,,,,,,,,,,,,,,,,,,,,,,,,,,,,,,,,,,,,,No
,,,,,,20000099,General Merchandise,Unclassified,General Industrial,1500099,44-A,Light Chocolate 44-A Mortar - Type N,Generic / Unbranded,Generic / Unbranded,Generic / Unbranded,3M Company,3M Company,Generic / Unbranded,,44-A,,General Industrial>Unclassified,44-A General Industrial,44-A General Industrial,"3M Company 44-A General Industrial - Color: Standard, Material: Steel","3M Company 44-A General Industrial. Manufacturer Part Number: 44-A. Features & Specifications: Color: Standard, Material: Steel.","3M Company 44-A General Industrial. Color: Standard, Material: Steel","High quality 3M Company 44-A General Industrial. Built to industry standards. Specifications: Color: Standard, Material: Steel.",,,,,,,,,,,,,,,,,,,,,,,,,,General Industrial,Color,Standard,,,,,,,,,,,,,,,,,,,,,,,,,,,,,,,,,,,,,,,,,,,,,,,,,,,,,,,,,,,,,,,,,,,,,,,,,,,,,,,,,,,,,,,,,,,,,,,,,,,,,,,,,,,,,,,,,,,,,,,,,,,,,,,,,,,,,,,,,,,,,,,,,,,,,,,,,,,,,,,,,,,,,,,,,,,,,,,,,,,,,,,,,,,,,,,,,,,No
,,,,,,20000100,General Merchandise,Unclassified,General Industrial,1500100,543302126,6' Wh Select T-Rail Kit Horiz - w/Sq Composite Balusters,TREX,TREX,TREX,Appliance Dealers Cooperative,Appliance Dealers Cooperative,TREX,,543302126,,General Industrial>Unclassified,TREX 543302126 General Industrial,543302126 General Industrial,TREX Appliance Dealers Cooperative 543302126 General Industrial - Color: Standar,"TREX Appliance Dealers Cooperative 543302126 General Industrial. Manufacturer Part Number: 543302126. Features & Specifications: Color: Standard, Material: Steel.","TREX Appliance Dealers Cooperative 543302126 General Industrial. Color: Standard, Material: Steel","High quality TREX Appliance Dealers Cooperative 543302126 General Industrial. Built to industry standards. Specifications: Color: Standard, Material: Steel.",,,,,,,,,,,,,,,,,,,,,,,,,,General Industrial,Color,Standard,,,,,,,,,,,,,,,,,,,,,,,,,,,,,,,,,,,,,,,,,,,,,,,,,,,,,,,,,,,,,,,,,,,,,,,,,,,,,,,,,,,,,,,,,,,,,,,,,,,,,,,,,,,,,,,,,,,,,,,,,,,,,,,,,,,,,,,,,,,,,,,,,,,,,,,,,,,,,,,,,,,,,,,,,,,,,,,,,,,,,,,,,,,,,,,,,,,No
,,,,,,20000101,General Merchandise,Unclassified,General Industrial,1500101,543302146,8' Wh Select T-Rail Kit Horiz - w/Sq Composite Balusters,TREX,TREX,TREX,Appliance Dealers Cooperative,Appliance Dealers Cooperative,TREX,,543302146,,General Industrial>Unclassified,TREX 543302146 General Industrial,543302146 General Industrial,TREX Appliance Dealers Cooperative 543302146 General Industrial - Color: Standar,"TREX Appliance Dealers Cooperative 543302146 General Industrial. Manufacturer Part Number: 543302146. Features & Specifications: Color: Standard, Material: Steel.","TREX Appliance Dealers Cooperative 543302146 General Industrial. Color: Standard, Material: Steel","High quality TREX Appliance Dealers Cooperative 543302146 General Industrial. Built to industry standards. Specifications: Color: Standard, Material: Steel.",,,,,,,,,,,,,,,,,,,,,,,,,,General Industrial,Color,Standard,,,,,,,,,,,,,,,,,,,,,,,,,,,,,,,,,,,,,,,,,,,,,,,,,,,,,,,,,,,,,,,,,,,,,,,,,,,,,,,,,,,,,,,,,,,,,,,,,,,,,,,,,,,,,,,,,,,,,,,,,,,,,,,,,,,,,,,,,,,,,,,,,,,,,,,,,,,,,,,,,,,,,,,,,,,,,,,,,,,,,,,,,,,,,,,,,,,No
,,,,,,20000102,General Merchandise,Unclassified,General Industrial,1500102,73019603,Finyline Wh 6' Fl Rail Kit Sq,Generic / Unbranded,Generic / Unbranded,Generic / Unbranded,Rheem Manufacturing,Rheem Manufacturing,Generic / Unbranded,,73019603,,General Industrial>Unclassified,73019603 General Industrial,73019603 General Industrial,"Rheem Manufacturing 73019603 General Industrial - Color: Standard, Material: Ste","Rheem Manufacturing 73019603 General Industrial. Manufacturer Part Number: 73019603. Features & Specifications: Color: Standard, Material: Steel.","Rheem Manufacturing 73019603 General Industrial. Color: Standard, Material: Steel","High quality Rheem Manufacturing 73019603 General Industrial. Built to industry standards. Specifications: Color: Standard, Material: Steel.",,,,,,,,,,,,,,,,,,,,,,,,,,General Industrial,Color,Standard,,,,,,,,,,,,,,,,,,,,,,,,,,,,,,,,,,,,,,,,,,,,,,,,,,,,,,,,,,,,,,,,,,,,,,,,,,,,,,,,,,,,,,,,,,,,,,,,,,,,,,,,,,,,,,,,,,,,,,,,,,,,,,,,,,,,,,,,,,,,,,,,,,,,,,,,,,,,,,,,,,,,,,,,,,,,,,,,,,,,,,,,,,,,,,,,,,,No
,,,,,,20000103,General Merchandise,Unclassified,General Industrial,1500103,73019652,Finyline Wh 8' Fl Rail Kit Sq,Generic / Unbranded,Generic / Unbranded,Generic / Unbranded,Rheem Manufacturing,Rheem Manufacturing,Generic / Unbranded,,73019652,,General Industrial>Unclassified,73019652 General Industrial,73019652 General Industrial,"Rheem Manufacturing 73019652 General Industrial - Color: Standard, Material: Ste","Rheem Manufacturing 73019652 General Industrial. Manufacturer Part Number: 73019652. Features & Specifications: Color: Standard, Material: Steel.","Rheem Manufacturing 73019652 General Industrial. Color: Standard, Material: Steel","High quality Rheem Manufacturing 73019652 General Industrial. Built to industry standards. Specifications: Color: Standard, Material: Steel.",,,,,,,,,,,,,,,,,,,,,,,,,,General Industrial,Color,Standard,,,,,,,,,,,,,,,,,,,,,,,,,,,,,,,,,,,,,,,,,,,,,,,,,,,,,,,,,,,,,,,,,,,,,,,,,,,,,,,,,,,,,,,,,,,,,,,,,,,,,,,,,,,,,,,,,,,,,,,,,,,,,,,,,,,,,,,,,,,,,,,,,,,,,,,,,,,,,,,,,,,,,,,,,,,,,,,,,,,,,,,,,,,,,,,,,,,No
,,,,,,20000104,General Merchandise,Unclassified,General Industrial,1500104,73019517,Finyline Wh 10' Fl Rail Kit Sq,Generic / Unbranded,Generic / Unbranded,Generic / Unbranded,Rheem Manufacturing,Rheem Manufacturing,Generic / Unbranded,,73019517,,General Industrial>Unclassified,73019517 General Industrial,73019517 General Industrial,"Rheem Manufacturing 73019517 General Industrial - Color: Standard, Material: Ste","Rheem Manufacturing 73019517 General Industrial. Manufacturer Part Number: 73019517. Features & Specifications: Color: Standard, Material: Steel.","Rheem Manufacturing 73019517 General Industrial. Color: Standard, Material: Steel","High quality Rheem Manufacturing 73019517 General Industrial. Built to industry standards. Specifications: Color: Standard, Material: Steel.",,,,,,,,,,,,,,,,,,,,,,,,,,General Industrial,Color,Standard,,,,,,,,,,,,,,,,,,,,,,,,,,,,,,,,,,,,,,,,,,,,,,,,,,,,,,,,,,,,,,,,,,,,,,,,,,,,,,,,,,,,,,,,,,,,,,,,,,,,,,,,,,,,,,,,,,,,,,,,,,,,,,,,,,,,,,,,,,,,,,,,,,,,,,,,,,,,,,,,,,,,,,,,,,,,,,,,,,,,,,,,,,,,,,,,,,,No
,,,,,,20000105,General Merchandise,Unclassified,General Industrial,1500105,73019602,Finyline Wh 6' Fl Rail Kit Rd - w/Black Alum Balusters,Generic / Unbranded,Generic / Unbranded,Generic / Unbranded,Rheem Manufacturing,Rheem Manufacturing,Generic / Unbranded,,73019602,,General Industrial>Unclassified,73019602 General Industrial,73019602 General Industrial,"Rheem Manufacturing 73019602 General Industrial - Color: Standard, Material: Ste","Rheem Manufacturing 73019602 General Industrial. Manufacturer Part Number: 73019602. Features & Specifications: Color: Standard, Material: Steel.","Rheem Manufacturing 73019602 General Industrial. Color: Standard, Material: Steel","High quality Rheem Manufacturing 73019602 General Industrial. Built to industry standards. Specifications: Color: Standard, Material: Steel.",,,,,,,,,,,,,,,,,,,,,,,,,,General Industrial,Color,Standard,,,,,,,,,,,,,,,,,,,,,,,,,,,,,,,,,,,,,,,,,,,,,,,,,,,,,,,,,,,,,,,,,,,,,,,,,,,,,,,,,,,,,,,,,,,,,,,,,,,,,,,,,,,,,,,,,,,,,,,,,,,,,,,,,,,,,,,,,,,,,,,,,,,,,,,,,,,,,,,,,,,,,,,,,,,,,,,,,,,,,,,,,,,,,,,,,,,No
,,,,,,20000106,General Merchandise,Unclassified,General Industrial,1500106,73019651,Finyline Wh 8' Fl Rail Kit Rd - w/Black Alum Balusters,Generic / Unbranded,Generic / Unbranded,Generic / Unbranded,Rheem Manufacturing,Rheem Manufacturing,Generic / Unbranded,,73019651,,General Industrial>Unclassified,73019651 General Industrial,73019651 General Industrial,"Rheem Manufacturing 73019651 General Industrial - Color: Standard, Material: Ste","Rheem Manufacturing 73019651 General Industrial. Manufacturer Part Number: 73019651. Features & Specifications: Color: Standard, Material: Steel.","Rheem Manufacturing 73019651 General Industrial. Color: Standard, Material: Steel","High quality Rheem Manufacturing 73019651 General Industrial. Built to industry standards. Specifications: Color: Standard, Material: Steel.",,,,,,,,,,,,,,,,,,,,,,,,,,General Industrial,Color,Standard,,,,,,,,,,,,,,,,,,,,,,,,,,,,,,,,,,,,,,,,,,,,,,,,,,,,,,,,,,,,,,,,,,,,,,,,,,,,,,,,,,,,,,,,,,,,,,,,,,,,,,,,,,,,,,,,,,,,,,,,,,,,,,,,,,,,,,,,,,,,,,,,,,,,,,,,,,,,,,,,,,,,,,,,,,,,,,,,,,,,,,,,,,,,,,,,,,,No
,,,,,,20000107,General Merchandise,Unclassified,General Industrial,1500107,73019516,Finyline Wh 10' Fl Rail Kit Rd - w/Black Alum Balusters,Generic / Unbranded,Generic / Unbranded,Generic / Unbranded,Rheem Manufacturing,Rheem Manufacturing,Generic / Unbranded,,73019516,,General Industrial>Unclassified,73019516 General Industrial,73019516 General Industrial,"Rheem Manufacturing 73019516 General Industrial - Color: Standard, Material: Ste","Rheem Manufacturing 73019516 General Industrial. Manufacturer Part Number: 73019516. Features & Specifications: Color: Standard, Material: Steel.","Rheem Manufacturing 73019516 General Industrial. Color: Standard, Material: Steel","High quality Rheem Manufacturing 73019516 General Industrial. Built to industry standards. Specifications: Color: Standard, Material: Steel.",,,,,,,,,,,,,,,,,,,,,,,,,,General Industrial,Color,Standard,,,,,,,,,,,,,,,,,,,,,,,,,,,,,,,,,,,,,,,,,,,,,,,,,,,,,,,,,,,,,,,,,,,,,,,,,,,,,,,,,,,,,,,,,,,,,,,,,,,,,,,,,,,,,,,,,,,,,,,,,,,,,,,,,,,,,,,,,,,,,,,,,,,,,,,,,,,,,,,,,,,,,,,,,,,,,,,,,,,,,,,,,,,,,,,,,,,No
,,,,,,20000108,General Merchandise,Unclassified,General Industrial,1500108,543300256,6' Black Select Classic Horiz - Rail w/Rnd Black Alum Baluster,TREX,TREX,TREX,Freud Inc,Freud Inc,TREX,,543300256,,General Industrial>Unclassified,TREX 543300256 General Industrial,543300256 General Industrial,"TREX Freud Inc 543300256 General Industrial - Color: Standard, Material: Steel","TREX Freud Inc 543300256 General Industrial. Manufacturer Part Number: 543300256. Features & Specifications: Color: Standard, Material: Steel.","TREX Freud Inc 543300256 General Industrial. Color: Standard, Material: Steel","High quality TREX Freud Inc 543300256 General Industrial. Built to industry standards. Specifications: Color: Standard, Material: Steel.",,,,,,,,,,,,,,,,,,,,,,,,,,General Industrial,Color,Standard,,,,,,,,,,,,,,,,,,,,,,,,,,,,,,,,,,,,,,,,,,,,,,,,,,,,,,,,,,,,,,,,,,,,,,,,,,,,,,,,,,,,,,,,,,,,,,,,,,,,,,,,,,,,,,,,,,,,,,,,,,,,,,,,,,,,,,,,,,,,,,,,,,,,,,,,,,,,,,,,,,,,,,,,,,,,,,,,,,,,,,,,,,,,,,,,,,,No
,,,,,,20000109,General Merchandise,Unclassified,General Industrial,1500109,543300276,8' Black Select Classic Horiz - Rail w/Rnd Black Alum Baluster,TREX,TREX,TREX,Freud Inc,Freud Inc,TREX,,543300276,,General Industrial>Unclassified,TREX 543300276 General Industrial,543300276 General Industrial,"TREX Freud Inc 543300276 General Industrial - Color: Standard, Material: Steel","TREX Freud Inc 543300276 General Industrial. Manufacturer Part Number: 543300276. Features & Specifications: Color: Standard, Material: Steel.","TREX Freud Inc 543300276 General Industrial. Color: Standard, Material: Steel","High quality TREX Freud Inc 543300276 General Industrial. Built to industry standards. Specifications: Color: Standard, Material: Steel.",,,,,,,,,,,,,,,,,,,,,,,,,,General Industrial,Color,Standard,,,,,,,,,,,,,,,,,,,,,,,,,,,,,,,,,,,,,,,,,,,,,,,,,,,,,,,,,,,,,,,,,,,,,,,,,,,,,,,,,,,,,,,,,,,,,,,,,,,,,,,,,,,,,,,,,,,,,,,,,,,,,,,,,,,,,,,,,,,,,,,,,,,,,,,,,,,,,,,,,,,,,,,,,,,,,,,,,,,,,,,,,,,,,,,,,,,No
,,,,,,20000110,General Merchandise,Unclassified,General Industrial,1500110,73045028,Custom Finyline Wh Gate Sq Bal,Generic / Unbranded,Generic / Unbranded,Generic / Unbranded,Rheem Manufacturing,Rheem Manufacturing,Generic / Unbranded,,73045028,,General Industrial>Unclassified,73045028 General Industrial,73045028 General Industrial,"Rheem Manufacturing 73045028 General Industrial - Color: Standard, Material: Ste","Rheem Manufacturing 73045028 General Industrial. Manufacturer Part Number: 73045028. Features & Specifications: Color: Standard, Material: Steel.","Rheem Manufacturing 73045028 General Industrial. Color: Standard, Material: Steel","High quality Rheem Manufacturing 73045028 General Industrial. Built to industry standards. Specifications: Color: Standard, Material: Steel.",,,,,,,,,,,,,,,,,,,,,,,,,,General Industrial,Color,Standard,,,,,,,,,,,,,,,,,,,,,,,,,,,,,,,,,,,,,,,,,,,,,,,,,,,,,,,,,,,,,,,,,,,,,,,,,,,,,,,,,,,,,,,,,,,,,,,,,,,,,,,,,,,,,,,,,,,,,,,,,,,,,,,,,,,,,,,,,,,,,,,,,,,,,,,,,,,,,,,,,,,,,,,,,,,,,,,,,,,,,,,,,,,,,,,,,,,No
,,,,,,20000111,General Merchandise,Unclassified,General Industrial,1500111,73045031,Custom Finyline Wh Gate Rd - w/Black Alum Balusters,Generic / Unbranded,Generic / Unbranded,Generic / Unbranded,Rheem Manufacturing,Rheem Manufacturing,Generic / Unbranded,,73045031,,General Industrial>Unclassified,73045031 General Industrial,73045031 General Industrial,"Rheem Manufacturing 73045031 General Industrial - Color: Standard, Material: Ste","Rheem Manufacturing 73045031 General Industrial. Manufacturer Part Number: 73045031. Features & Specifications: Color: Standard, Material: Steel.","Rheem Manufacturing 73045031 General Industrial. Color: Standard, Material: Steel","High quality Rheem Manufacturing 73045031 General Industrial. Built to industry standards. Specifications: Color: Standard, Material: Steel.",,,,,,,,,,,,,,,,,,,,,,,,,,General Industrial,Color,Standard,,,,,,,,,,,,,,,,,,,,,,,,,,,,,,,,,,,,,,,,,,,,,,,,,,,,,,,,,,,,,,,,,,,,,,,,,,,,,,,,,,,,,,,,,,,,,,,,,,,,,,,,,,,,,,,,,,,,,,,,,,,,,,,,,,,,,,,,,,,,,,,,,,,,,,,,,,,,,,,,,,,,,,,,,,,,,,,,,,,,,,,,,,,,,,,,,,,No
,,,,,,20000112,General Merchandise,Unclassified,General Industrial,1500112,543340126,"6'x36"" Select Alm w/Sq Bal Hor - Assembled Black Rail Panel",TREX,TREX,TREX,Freud Inc,Freud Inc,TREX,,543340126,,General Industrial>Unclassified,TREX 543340126 General Industrial,543340126 General Industrial,"TREX Freud Inc 543340126 General Industrial - Color: Standard, Material: Steel","TREX Freud Inc 543340126 General Industrial. Manufacturer Part Number: 543340126. Features & Specifications: Color: Standard, Material: Steel.","TREX Freud Inc 543340126 General Industrial. Color: Standard, Material: Steel","High quality TREX Freud Inc 543340126 General Industrial. Built to industry standards. Specifications: Color: Standard, Material: Steel.",,,,,,,,,,,,,,,,,,,,,,,,,,General Industrial,Color,Standard,,,,,,,,,,,,,,,,,,,,,,,,,,,,,,,,,,,,,,,,,,,,,,,,,,,,,,,,,,,,,,,,,,,,,,,,,,,,,,,,,,,,,,,,,,,,,,,,,,,,,,,,,,,,,,,,,,,,,,,,,,,,,,,,,,,,,,,,,,,,,,,,,,,,,,,,,,,,,,,,,,,,,,,,,,,,,,,,,,,,,,,,,,,,,,,,,,,No
,,,,,,20000113,General Merchandise,Unclassified,General Industrial,1500113,543340127,"6'x36"" Select Alm w/Sq Bal Str - Assembled Black Rail Panel",TREX,TREX,TREX,Freud Inc,Freud Inc,TREX,,543340127,,General Industrial>Unclassified,TREX 543340127 General Industrial,543340127 General Industrial,"TREX Freud Inc 543340127 General Industrial - Color: Standard, Material: Steel","TREX Freud Inc 543340127 General Industrial. Manufacturer Part Number: 543340127. Features & Specifications: Color: Standard, Material: Steel.","TREX Freud Inc 543340127 General Industrial. Color: Standard, Material: Steel","High quality TREX Freud Inc 543340127 General Industrial. Built to industry standards. Specifications: Color: Standard, Material: Steel.",,,,,,,,,,,,,,,,,,,,,,,,,,General Industrial,Color,Standard,,,,,,,,,,,,,,,,,,,,,,,,,,,,,,,,,,,,,,,,,,,,,,,,,,,,,,,,,,,,,,,,,,,,,,,,,,,,,,,,,,,,,,,,,,,,,,,,,,,,,,,,,,,,,,,,,,,,,,,,,,,,,,,,,,,,,,,,,,,,,,,,,,,,,,,,,,,,,,,,,,,,,,,,,,,,,,,,,,,,,,,,,,,,,,,,,,,No
,,,,,,20000114,General Merchandise,Unclassified,General Industrial,1500114,543340146,"8'x36"" Select Alm w/Sq Bal Hor - Assembled Black Rail Panel",TREX,TREX,TREX,Freud Inc,Freud Inc,TREX,,543340146,,General Industrial>Unclassified,TREX 543340146 General Industrial,543340146 General Industrial,"TREX Freud Inc 543340146 General Industrial - Color: Standard, Material: Steel","TREX Freud Inc 543340146 General Industrial. Manufacturer Part Number: 543340146. Features & Specifications: Color: Standard, Material: Steel.","TREX Freud Inc 543340146 General Industrial. Color: Standard, Material: Steel","High quality TREX Freud Inc 543340146 General Industrial. Built to industry standards. Specifications: Color: Standard, Material: Steel.",,,,,,,,,,,,,,,,,,,,,,,,,,General Industrial,Color,Standard,,,,,,,,,,,,,,,,,,,,,,,,,,,,,,,,,,,,,,,,,,,,,,,,,,,,,,,,,,,,,,,,,,,,,,,,,,,,,,,,,,,,,,,,,,,,,,,,,,,,,,,,,,,,,,,,,,,,,,,,,,,,,,,,,,,,,,,,,,,,,,,,,,,,,,,,,,,,,,,,,,,,,,,,,,,,,,,,,,,,,,,,,,,,,,,,,,,No
,,,,,,20000115,General Merchandise,Unclassified,General Industrial,1500115,543340147,"8'x36"" Select Alm w/Sq Bal Str - Assembled Black Rail Panel",TREX,TREX,TREX,Freud Inc,Freud Inc,TREX,,543340147,,General Industrial>Unclassified,TREX 543340147 General Industrial,543340147 General Industrial,"TREX Freud Inc 543340147 General Industrial - Color: Standard, Material: Steel","TREX Freud Inc 543340147 General Industrial. Manufacturer Part Number: 543340147. Features & Specifications: Color: Standard, Material: Steel.","TREX Freud Inc 543340147 General Industrial. Color: Standard, Material: Steel","High quality TREX Freud Inc 543340147 General Industrial. Built to industry standards. Specifications: Color: Standard, Material: Steel.",,,,,,,,,,,,,,,,,,,,,,,,,,General Industrial,Color,Standard,,,,,,,,,,,,,,,,,,,,,,,,,,,,,,,,,,,,,,,,,,,,,,,,,,,,,,,,,,,,,,,,,,,,,,,,,,,,,,,,,,,,,,,,,,,,,,,,,,,,,,,,,,,,,,,,,,,,,,,,,,,,,,,,,,,,,,,,,,,,,,,,,,,,,,,,,,,,,,,,,,,,,,,,,,,,,,,,,,,,,,,,,,,,,,,,,,,No
,,,,,,20000116,General Merchandise,Unclassified,General Industrial,1500116,ADB15516CS,1x6-16' Coastline Sq Edge - Vintage Azek PVC Decking,TIMBERTECH,TIMBERTECH,TIMBERTECH,Mirka Abrasives Inc,Mirka Abrasives Inc,TIMBERTECH,,ADB15516CS,,General Industrial>Unclassified,TIMBERTECH ADB15516CS General Industrial,ADB15516CS General Industrial,"TIMBERTECH Mirka Abrasives Inc ADB15516CS General Industrial - Color: Standard,","TIMBERTECH Mirka Abrasives Inc ADB15516CS General Industrial. Manufacturer Part Number: ADB15516CS. Features & Specifications: Color: Standard, Material: Steel.","TIMBERTECH Mirka Abrasives Inc ADB15516CS General Industrial. Color: Standard, Material: Steel","High quality TIMBERTECH Mirka Abrasives Inc ADB15516CS General Industrial. Built to industry standards. Specifications: Color: Standard, Material: Steel.",,,,,,,,,,,,,,,,,,,,,,,,,,General Industrial,Color,Standard,,,,,,,,,,,,,,,,,,,,,,,,,,,,,,,,,,,,,,,,,,,,,,,,,,,,,,,,,,,,,,,,,,,,,,,,,,,,,,,,,,,,,,,,,,,,,,,,,,,,,,,,,,,,,,,,,,,,,,,,,,,,,,,,,,,,,,,,,,,,,,,,,,,,,,,,,,,,,,,,,,,,,,,,,,,,,,,,,,,,,,,,,,,,,,,,,,,No
,,,,,,20000117,General Merchandise,Unclassified,General Industrial,1500117,ADB15520CS,1x6-20' Coastline Sq Edge - Vintage Azek PVC Decking,TIMBERTECH,TIMBERTECH,TIMBERTECH,Mirka Abrasives Inc,Mirka Abrasives Inc,TIMBERTECH,,ADB15520CS,,General Industrial>Unclassified,TIMBERTECH ADB15520CS General Industrial,ADB15520CS General Industrial,"TIMBERTECH Mirka Abrasives Inc ADB15520CS General Industrial - Color: Standard,","TIMBERTECH Mirka Abrasives Inc ADB15520CS General Industrial. Manufacturer Part Number: ADB15520CS. Features & Specifications: Color: Standard, Material: Steel.","TIMBERTECH Mirka Abrasives Inc ADB15520CS General Industrial. Color: Standard, Material: Steel","High quality TIMBERTECH Mirka Abrasives Inc ADB15520CS General Industrial. Built to industry standards. Specifications: Color: Standard, Material: Steel.",,,,,,,,,,,,,,,,,,,,,,,,,,General Industrial,Color,Standard,,,,,,,,,,,,,,,,,,,,,,,,,,,,,,,,,,,,,,,,,,,,,,,,,,,,,,,,,,,,,,,,,,,,,,,,,,,,,,,,,,,,,,,,,,,,,,,,,,,,,,,,,,,,,,,,,,,,,,,,,,,,,,,,,,,,,,,,,,,,,,,,,,,,,,,,,,,,,,,,,,,,,,,,,,,,,,,,,,,,,,,,,,,,,,,,,,,No
,,,,,,20000118,General Merchandise,Unclassified,General Industrial,1500118,ADB15516EW,1x6-16' English Walnut Sq Edge - Vintage Azek PVC Decking,TIMBERTECH,TIMBERTECH,TIMBERTECH,Mirka Abrasives Inc,Mirka Abrasives Inc,TIMBERTECH,,ADB15516EW,,General Industrial>Unclassified,TIMBERTECH ADB15516EW General Industrial,ADB15516EW General Industrial,"TIMBERTECH Mirka Abrasives Inc ADB15516EW General Industrial - Color: Standard,","TIMBERTECH Mirka Abrasives Inc ADB15516EW General Industrial. Manufacturer Part Number: ADB15516EW. Features & Specifications: Color: Standard, Material: Steel.","TIMBERTECH Mirka Abrasives Inc ADB15516EW General Industrial. Color: Standard, Material: Steel","High quality TIMBERTECH Mirka Abrasives Inc ADB15516EW General Industrial. Built to industry standards. Specifications: Color: Standard, Material: Steel.",,,,,,,,,,,,,,,,,,,,,,,,,,General Industrial,Color,Standard,,,,,,,,,,,,,,,,,,,,,,,,,,,,,,,,,,,,,,,,,,,,,,,,,,,,,,,,,,,,,,,,,,,,,,,,,,,,,,,,,,,,,,,,,,,,,,,,,,,,,,,,,,,,,,,,,,,,,,,,,,,,,,,,,,,,,,,,,,,,,,,,,,,,,,,,,,,,,,,,,,,,,,,,,,,,,,,,,,,,,,,,,,,,,,,,,,,No
,,,,,,20000119,General Merchandise,Unclassified,General Industrial,1500119,ADB15520EW,1x6-20' English Walnut Sq Edge - Vintage Azek PVC Decking,TIMBERTECH,TIMBERTECH,TIMBERTECH,Mirka Abrasives Inc,Mirka Abrasives Inc,TIMBERTECH,,ADB15520EW,,General Industrial>Unclassified,TIMBERTECH ADB15520EW General Industrial,ADB15520EW General Industrial,"TIMBERTECH Mirka Abrasives Inc ADB15520EW General Industrial - Color: Standard,","TIMBERTECH Mirka Abrasives Inc ADB15520EW General Industrial. Manufacturer Part Number: ADB15520EW. Features & Specifications: Color: Standard, Material: Steel.","TIMBERTECH Mirka Abrasives Inc ADB15520EW General Industrial. Color: Standard, Material: Steel","High quality TIMBERTECH Mirka Abrasives Inc ADB15520EW General Industrial. Built to industry standards. Specifications: Color: Standard, Material: Steel.",,,,,,,,,,,,,,,,,,,,,,,,,,General Industrial,Color,Standard,,,,,,,,,,,,,,,,,,,,,,,,,,,,,,,,,,,,,,,,,,,,,,,,,,,,,,,,,,,,,,,,,,,,,,,,,,,,,,,,,,,,,,,,,,,,,,,,,,,,,,,,,,,,,,,,,,,,,,,,,,,,,,,,,,,,,,,,,,,,,,,,,,,,,,,,,,,,,,,,,,,,,,,,,,,,,,,,,,,,,,,,,,,,,,,,,,,No
,,,,,,20000120,General Merchandise,Unclassified,General Industrial,1500120,ADB15516MH,1x6-16' Mahogany Sq Edge - Vintage Azek PVC Decking,TIMBERTECH,TIMBERTECH,TIMBERTECH,Mirka Abrasives Inc,Mirka Abrasives Inc,TIMBERTECH,,ADB15516MH,,General Industrial>Unclassified,TIMBERTECH ADB15516MH General Industrial,ADB15516MH General Industrial,"TIMBERTECH Mirka Abrasives Inc ADB15516MH General Industrial - Color: Standard,","TIMBERTECH Mirka Abrasives Inc ADB15516MH General Industrial. Manufacturer Part Number: ADB15516MH. Features & Specifications: Color: Standard, Material: Steel.","TIMBERTECH Mirka Abrasives Inc ADB15516MH General Industrial. Color: Standard, Material: Steel","High quality TIMBERTECH Mirka Abrasives Inc ADB15516MH General Industrial. Built to industry standards. Specifications: Color: Standard, Material: Steel.",,,,,,,,,,,,,,,,,,,,,,,,,,General Industrial,Color,Standard,,,,,,,,,,,,,,,,,,,,,,,,,,,,,,,,,,,,,,,,,,,,,,,,,,,,,,,,,,,,,,,,,,,,,,,,,,,,,,,,,,,,,,,,,,,,,,,,,,,,,,,,,,,,,,,,,,,,,,,,,,,,,,,,,,,,,,,,,,,,,,,,,,,,,,,,,,,,,,,,,,,,,,,,,,,,,,,,,,,,,,,,,,,,,,,,,,,No
,,,,,,20000121,General Merchandise,Unclassified,General Industrial,1500121,ADB15520MH,1x6-20' Mahogany Sq Edge - Vintage Azek PVC Decking,TIMBERTECH,TIMBERTECH,TIMBERTECH,Mirka Abrasives Inc,Mirka Abrasives Inc,TIMBERTECH,,ADB15520MH,,General Industrial>Unclassified,TIMBERTECH ADB15520MH General Industrial,ADB15520MH General Industrial,"TIMBERTECH Mirka Abrasives Inc ADB15520MH General Industrial - Color: Standard,","TIMBERTECH Mirka Abrasives Inc ADB15520MH General Industrial. Manufacturer Part Number: ADB15520MH. Features & Specifications: Color: Standard, Material: Steel.","TIMBERTECH Mirka Abrasives Inc ADB15520MH General Industrial. Color: Standard, Material: Steel","High quality TIMBERTECH Mirka Abrasives Inc ADB15520MH General Industrial. Built to industry standards. Specifications: Color: Standard, Material: Steel.",,,,,,,,,,,,,,,,,,,,,,,,,,General Industrial,Color,Standard,,,,,,,,,,,,,,,,,,,,,,,,,,,,,,,,,,,,,,,,,,,,,,,,,,,,,,,,,,,,,,,,,,,,,,,,,,,,,,,,,,,,,,,,,,,,,,,,,,,,,,,,,,,,,,,,,,,,,,,,,,,,,,,,,,,,,,,,,,,,,,,,,,,,,,,,,,,,,,,,,,,,,,,,,,,,,,,,,,,,,,,,,,,,,,,,,,,No
,,,,,,20000122,General Merchandise,Unclassified,General Industrial,1500122,ADB15516WT,1x6-16' Weathered Teak Sq Edge - Vintage Azek PVC Decking,TIMBERTECH,TIMBERTECH,TIMBERTECH,Mirka Abrasives Inc,Mirka Abrasives Inc,TIMBERTECH,,ADB15516WT,,General Industrial>Unclassified,TIMBERTECH ADB15516WT General Industrial,ADB15516WT General Industrial,"TIMBERTECH Mirka Abrasives Inc ADB15516WT General Industrial - Color: Standard,","TIMBERTECH Mirka Abrasives Inc ADB15516WT General Industrial. Manufacturer Part Number: ADB15516WT. Features & Specifications: Color: Standard, Material: Steel.","TIMBERTECH Mirka Abrasives Inc ADB15516WT General Industrial. Color: Standard, Material: Steel","High quality TIMBERTECH Mirka Abrasives Inc ADB15516WT General Industrial. Built to industry standards. Specifications: Color: Standard, Material: Steel.",,,,,,,,,,,,,,,,,,,,,,,,,,General Industrial,Color,Standard,,,,,,,,,,,,,,,,,,,,,,,,,,,,,,,,,,,,,,,,,,,,,,,,,,,,,,,,,,,,,,,,,,,,,,,,,,,,,,,,,,,,,,,,,,,,,,,,,,,,,,,,,,,,,,,,,,,,,,,,,,,,,,,,,,,,,,,,,,,,,,,,,,,,,,,,,,,,,,,,,,,,,,,,,,,,,,,,,,,,,,,,,,,,,,,,,,,No
,,,,,,20000123,General Merchandise,Unclassified,General Industrial,1500123,ADB15520WT,1x6-20' Weathered Teak Sq Edge - Vintage Azek PVC Decking,TIMBERTECH,TIMBERTECH,TIMBERTECH,Mirka Abrasives Inc,Mirka Abrasives Inc,TIMBERTECH,,ADB15520WT,,General Industrial>Unclassified,TIMBERTECH ADB15520WT General Industrial,ADB15520WT General Industrial,"TIMBERTECH Mirka Abrasives Inc ADB15520WT General Industrial - Color: Standard,","TIMBERTECH Mirka Abrasives Inc ADB15520WT General Industrial. Manufacturer Part Number: ADB15520WT. Features & Specifications: Color: Standard, Material: Steel.","TIMBERTECH Mirka Abrasives Inc ADB15520WT General Industrial. Color: Standard, Material: Steel","High quality TIMBERTECH Mirka Abrasives Inc ADB15520WT General Industrial. Built to industry standards. Specifications: Color: Standard, Material: Steel.",,,,,,,,,,,,,,,,,,,,,,,,,,General Industrial,Color,Standard,,,,,,,,,,,,,,,,,,,,,,,,,,,,,,,,,,,,,,,,,,,,,,,,,,,,,,,,,,,,,,,,,,,,,,,,,,,,,,,,,,,,,,,,,,,,,,,,,,,,,,,,,,,,,,,,,,,,,,,,,,,,,,,,,,,,,,,,,,,,,,,,,,,,,,,,,,,,,,,,,,,,,,,,,,,,,,,,,,,,,,,,,,,,,,,,,,,No
,,,,,,20000124,General Merchandise,Unclassified,General Industrial,1500124,AGB15512CS,1x6-12' Coastline Grooved - Vintage Azek PVC Decking,TIMBERTECH,TIMBERTECH,TIMBERTECH,Mirka Abrasives Inc,Mirka Abrasives Inc,TIMBERTECH,,AGB15512CS,,General Industrial>Unclassified,TIMBERTECH AGB15512CS General Industrial,AGB15512CS General Industrial,"TIMBERTECH Mirka Abrasives Inc AGB15512CS General Industrial - Color: Standard,","TIMBERTECH Mirka Abrasives Inc AGB15512CS General Industrial. Manufacturer Part Number: AGB15512CS. Features & Specifications: Color: Standard, Material: Steel.","TIMBERTECH Mirka Abrasives Inc AGB15512CS General Industrial. Color: Standard, Material: Steel","High quality TIMBERTECH Mirka Abrasives Inc AGB15512CS General Industrial. Built to industry standards. Specifications: Color: Standard, Material: Steel.",,,,,,,,,,,,,,,,,,,,,,,,,,General Industrial,Color,Standard,,,,,,,,,,,,,,,,,,,,,,,,,,,,,,,,,,,,,,,,,,,,,,,,,,,,,,,,,,,,,,,,,,,,,,,,,,,,,,,,,,,,,,,,,,,,,,,,,,,,,,,,,,,,,,,,,,,,,,,,,,,,,,,,,,,,,,,,,,,,,,,,,,,,,,,,,,,,,,,,,,,,,,,,,,,,,,,,,,,,,,,,,,,,,,,,,,,No
,,,,,,20000125,General Merchandise,Unclassified,General Industrial,1500125,AGB15516CS,1x6-16' Coastline Grooved - Vintage Azek PVC Decking,TIMBERTECH,TIMBERTECH,TIMBERTECH,Mirka Abrasives Inc,Mirka Abrasives Inc,TIMBERTECH,,AGB15516CS,,General Industrial>Unclassified,TIMBERTECH AGB15516CS General Industrial,AGB15516CS General Industrial,"TIMBERTECH Mirka Abrasives Inc AGB15516CS General Industrial - Color: Standard,","TIMBERTECH Mirka Abrasives Inc AGB15516CS General Industrial. Manufacturer Part Number: AGB15516CS. Features & Specifications: Color: Standard, Material: Steel.","TIMBERTECH Mirka Abrasives Inc AGB15516CS General Industrial. Color: Standard, Material: Steel","High quality TIMBERTECH Mirka Abrasives Inc AGB15516CS General Industrial. Built to industry standards. Specifications: Color: Standard, Material: Steel.",,,,,,,,,,,,,,,,,,,,,,,,,,General Industrial,Color,Standard,,,,,,,,,,,,,,,,,,,,,,,,,,,,,,,,,,,,,,,,,,,,,,,,,,,,,,,,,,,,,,,,,,,,,,,,,,,,,,,,,,,,,,,,,,,,,,,,,,,,,,,,,,,,,,,,,,,,,,,,,,,,,,,,,,,,,,,,,,,,,,,,,,,,,,,,,,,,,,,,,,,,,,,,,,,,,,,,,,,,,,,,,,,,,,,,,,,No
,,,,,,20000126,General Merchandise,Unclassified,General Industrial,1500126,AGB15520CS,1x6-20' Coastline Grooved - Vintage Azek PVC Decking,TIMBERTECH,TIMBERTECH,TIMBERTECH,Mirka Abrasives Inc,Mirka Abrasives Inc,TIMBERTECH,,AGB15520CS,,General Industrial>Unclassified,TIMBERTECH AGB15520CS General Industrial,AGB15520CS General Industrial,"TIMBERTECH Mirka Abrasives Inc AGB15520CS General Industrial - Color: Standard,","TIMBERTECH Mirka Abrasives Inc AGB15520CS General Industrial. Manufacturer Part Number: AGB15520CS. Features & Specifications: Color: Standard, Material: Steel.","TIMBERTECH Mirka Abrasives Inc AGB15520CS General Industrial. Color: Standard, Material: Steel","High quality TIMBERTECH Mirka Abrasives Inc AGB15520CS General Industrial. Built to industry standards. Specifications: Color: Standard, Material: Steel.",,,,,,,,,,,,,,,,,,,,,,,,,,General Industrial,Color,Standard,,,,,,,,,,,,,,,,,,,,,,,,,,,,,,,,,,,,,,,,,,,,,,,,,,,,,,,,,,,,,,,,,,,,,,,,,,,,,,,,,,,,,,,,,,,,,,,,,,,,,,,,,,,,,,,,,,,,,,,,,,,,,,,,,,,,,,,,,,,,,,,,,,,,,,,,,,,,,,,,,,,,,,,,,,,,,,,,,,,,,,,,,,,,,,,,,,,No
,,,,,,20000127,General Merchandise,Unclassified,General Industrial,1500127,AGB15512EW,1x6-12' English Walnut Grooved - Vintage Azek PVC Decking,TIMBERTECH,TIMBERTECH,TIMBERTECH,Mirka Abrasives Inc,Mirka Abrasives Inc,TIMBERTECH,,AGB15512EW,,General Industrial>Unclassified,TIMBERTECH AGB15512EW General Industrial,AGB15512EW General Industrial,"TIMBERTECH Mirka Abrasives Inc AGB15512EW General Industrial - Color: Standard,","TIMBERTECH Mirka Abrasives Inc AGB15512EW General Industrial. Manufacturer Part Number: AGB15512EW. Features & Specifications: Color: Standard, Material: Steel.","TIMBERTECH Mirka Abrasives Inc AGB15512EW General Industrial. Color: Standard, Material: Steel","High quality TIMBERTECH Mirka Abrasives Inc AGB15512EW General Industrial. Built to industry standards. Specifications: Color: Standard, Material: Steel.",,,,,,,,,,,,,,,,,,,,,,,,,,General Industrial,Color,Standard,,,,,,,,,,,,,,,,,,,,,,,,,,,,,,,,,,,,,,,,,,,,,,,,,,,,,,,,,,,,,,,,,,,,,,,,,,,,,,,,,,,,,,,,,,,,,,,,,,,,,,,,,,,,,,,,,,,,,,,,,,,,,,,,,,,,,,,,,,,,,,,,,,,,,,,,,,,,,,,,,,,,,,,,,,,,,,,,,,,,,,,,,,,,,,,,,,,No
,,,,,,20000128,General Merchandise,Unclassified,General Industrial,1500128,AGB15516EW,1x6-16' English Walnut Grooved - Vintage Azek PVC Decking,TIMBERTECH,TIMBERTECH,TIMBERTECH,Mirka Abrasives Inc,Mirka Abrasives Inc,TIMBERTECH,,AGB15516EW,,General Industrial>Unclassified,TIMBERTECH AGB15516EW General Industrial,AGB15516EW General Industrial,"TIMBERTECH Mirka Abrasives Inc AGB15516EW General Industrial - Color: Standard,","TIMBERTECH Mirka Abrasives Inc AGB15516EW General Industrial. Manufacturer Part Number: AGB15516EW. Features & Specifications: Color: Standard, Material: Steel.","TIMBERTECH Mirka Abrasives Inc AGB15516EW General Industrial. Color: Standard, Material: Steel","High quality TIMBERTECH Mirka Abrasives Inc AGB15516EW General Industrial. Built to industry standards. Specifications: Color: Standard, Material: Steel.",,,,,,,,,,,,,,,,,,,,,,,,,,General Industrial,Color,Standard,,,,,,,,,,,,,,,,,,,,,,,,,,,,,,,,,,,,,,,,,,,,,,,,,,,,,,,,,,,,,,,,,,,,,,,,,,,,,,,,,,,,,,,,,,,,,,,,,,,,,,,,,,,,,,,,,,,,,,,,,,,,,,,,,,,,,,,,,,,,,,,,,,,,,,,,,,,,,,,,,,,,,,,,,,,,,,,,,,,,,,,,,,,,,,,,,,,No
,,,,,,20000129,General Merchandise,Unclassified,General Industrial,1500129,AGB15520EW,1x6-20' English Walnut Grooved - Vintage Azek PVC Decking,TIMBERTECH,TIMBERTECH,TIMBERTECH,Mirka Abrasives Inc,Mirka Abrasives Inc,TIMBERTECH,,AGB15520EW,,General Industrial>Unclassified,TIMBERTECH AGB15520EW General Industrial,AGB15520EW General Industrial,"TIMBERTECH Mirka Abrasives Inc AGB15520EW General Industrial - Color: Standard,","TIMBERTECH Mirka Abrasives Inc AGB15520EW General Industrial. Manufacturer Part Number: AGB15520EW. Features & Specifications: Color: Standard, Material: Steel.","TIMBERTECH Mirka Abrasives Inc AGB15520EW General Industrial. Color: Standard, Material: Steel","High quality TIMBERTECH Mirka Abrasives Inc AGB15520EW General Industrial. Built to industry standards. Specifications: Color: Standard, Material: Steel.",,,,,,,,,,,,,,,,,,,,,,,,,,General Industrial,Color,Standard,,,,,,,,,,,,,,,,,,,,,,,,,,,,,,,,,,,,,,,,,,,,,,,,,,,,,,,,,,,,,,,,,,,,,,,,,,,,,,,,,,,,,,,,,,,,,,,,,,,,,,,,,,,,,,,,,,,,,,,,,,,,,,,,,,,,,,,,,,,,,,,,,,,,,,,,,,,,,,,,,,,,,,,,,,,,,,,,,,,,,,,,,,,,,,,,,,,No
,,,,,,20000130,General Merchandise,Unclassified,General Industrial,1500130,AGB15512MH,1x6-12' Mahogany Grooved - Vintage Azek PVC Decking,TIMBERTECH,TIMBERTECH,TIMBERTECH,Mirka Abrasives Inc,Mirka Abrasives Inc,TIMBERTECH,,AGB15512MH,,General Industrial>Unclassified,TIMBERTECH AGB15512MH General Industrial,AGB15512MH General Industrial,"TIMBERTECH Mirka Abrasives Inc AGB15512MH General Industrial - Color: Standard,","TIMBERTECH Mirka Abrasives Inc AGB15512MH General Industrial. Manufacturer Part Number: AGB15512MH. Features & Specifications: Color: Standard, Material: Steel.","TIMBERTECH Mirka Abrasives Inc AGB15512MH General Industrial. Color: Standard, Material: Steel","High quality TIMBERTECH Mirka Abrasives Inc AGB15512MH General Industrial. Built to industry standards. Specifications: Color: Standard, Material: Steel.",,,,,,,,,,,,,,,,,,,,,,,,,,General Industrial,Color,Standard,,,,,,,,,,,,,,,,,,,,,,,,,,,,,,,,,,,,,,,,,,,,,,,,,,,,,,,,,,,,,,,,,,,,,,,,,,,,,,,,,,,,,,,,,,,,,,,,,,,,,,,,,,,,,,,,,,,,,,,,,,,,,,,,,,,,,,,,,,,,,,,,,,,,,,,,,,,,,,,,,,,,,,,,,,,,,,,,,,,,,,,,,,,,,,,,,,,No
,,,,,,20000131,General Merchandise,Unclassified,General Industrial,1500131,AGB15516MH,1x6-16' Mahogany Grooved - Vintage Azek PVC Decking,TIMBERTECH,TIMBERTECH,TIMBERTECH,Mirka Abrasives Inc,Mirka Abrasives Inc,TIMBERTECH,,AGB15516MH,,General Industrial>Unclassified,TIMBERTECH AGB15516MH General Industrial,AGB15516MH General Industrial,"TIMBERTECH Mirka Abrasives Inc AGB15516MH General Industrial - Color: Standard,","TIMBERTECH Mirka Abrasives Inc AGB15516MH General Industrial. Manufacturer Part Number: AGB15516MH. Features & Specifications: Color: Standard, Material: Steel.","TIMBERTECH Mirka Abrasives Inc AGB15516MH General Industrial. Color: Standard, Material: Steel","High quality TIMBERTECH Mirka Abrasives Inc AGB15516MH General Industrial. Built to industry standards. Specifications: Color: Standard, Material: Steel.",,,,,,,,,,,,,,,,,,,,,,,,,,General Industrial,Color,Standard,,,,,,,,,,,,,,,,,,,,,,,,,,,,,,,,,,,,,,,,,,,,,,,,,,,,,,,,,,,,,,,,,,,,,,,,,,,,,,,,,,,,,,,,,,,,,,,,,,,,,,,,,,,,,,,,,,,,,,,,,,,,,,,,,,,,,,,,,,,,,,,,,,,,,,,,,,,,,,,,,,,,,,,,,,,,,,,,,,,,,,,,,,,,,,,,,,,No
,,,,,,20000132,General Merchandise,Unclassified,General Industrial,1500132,AGB15520MH,1x6-20' Mahogany Grooved - Vintage Azek PVC Decking,TIMBERTECH,TIMBERTECH,TIMBERTECH,Mirka Abrasives Inc,Mirka Abrasives Inc,TIMBERTECH,,AGB15520MH,,General Industrial>Unclassified,TIMBERTECH AGB15520MH General Industrial,AGB15520MH General Industrial,"TIMBERTECH Mirka Abrasives Inc AGB15520MH General Industrial - Color: Standard,","TIMBERTECH Mirka Abrasives Inc AGB15520MH General Industrial. Manufacturer Part Number: AGB15520MH. Features & Specifications: Color: Standard, Material: Steel.","TIMBERTECH Mirka Abrasives Inc AGB15520MH General Industrial. Color: Standard, Material: Steel","High quality TIMBERTECH Mirka Abrasives Inc AGB15520MH General Industrial. Built to industry standards. Specifications: Color: Standard, Material: Steel.",,,,,,,,,,,,,,,,,,,,,,,,,,General Industrial,Color,Standard,,,,,,,,,,,,,,,,,,,,,,,,,,,,,,,,,,,,,,,,,,,,,,,,,,,,,,,,,,,,,,,,,,,,,,,,,,,,,,,,,,,,,,,,,,,,,,,,,,,,,,,,,,,,,,,,,,,,,,,,,,,,,,,,,,,,,,,,,,,,,,,,,,,,,,,,,,,,,,,,,,,,,,,,,,,,,,,,,,,,,,,,,,,,,,,,,,,No
,,,,,,20000133,General Merchandise,Unclassified,General Industrial,1500133,AGB15512WT,1x6-12' Weathered Teak Grooved - Vintage Azek PVC Decking,TIMBERTECH,TIMBERTECH,TIMBERTECH,Mirka Abrasives Inc,Mirka Abrasives Inc,TIMBERTECH,,AGB15512WT,,General Industrial>Unclassified,TIMBERTECH AGB15512WT General Industrial,AGB15512WT General Industrial,"TIMBERTECH Mirka Abrasives Inc AGB15512WT General Industrial - Color: Standard,","TIMBERTECH Mirka Abrasives Inc AGB15512WT General Industrial. Manufacturer Part Number: AGB15512WT. Features & Specifications: Color: Standard, Material: Steel.","TIMBERTECH Mirka Abrasives Inc AGB15512WT General Industrial. Color: Standard, Material: Steel","High quality TIMBERTECH Mirka Abrasives Inc AGB15512WT General Industrial. Built to industry standards. Specifications: Color: Standard, Material: Steel.",,,,,,,,,,,,,,,,,,,,,,,,,,General Industrial,Color,Standard,,,,,,,,,,,,,,,,,,,,,,,,,,,,,,,,,,,,,,,,,,,,,,,,,,,,,,,,,,,,,,,,,,,,,,,,,,,,,,,,,,,,,,,,,,,,,,,,,,,,,,,,,,,,,,,,,,,,,,,,,,,,,,,,,,,,,,,,,,,,,,,,,,,,,,,,,,,,,,,,,,,,,,,,,,,,,,,,,,,,,,,,,,,,,,,,,,,No
,,,,,,20000134,General Merchandise,Unclassified,General Industrial,1500134,AGB15516WT,1x6-16' Weathered Teak Grooved - Vintage Azek PVC Decking,TIMBERTECH,TIMBERTECH,TIMBERTECH,Mirka Abrasives Inc,Mirka Abrasives Inc,TIMBERTECH,,AGB15516WT,,General Industrial>Unclassified,TIMBERTECH AGB15516WT General Industrial,AGB15516WT General Industrial,"TIMBERTECH Mirka Abrasives Inc AGB15516WT General Industrial - Color: Standard,","TIMBERTECH Mirka Abrasives Inc AGB15516WT General Industrial. Manufacturer Part Number: AGB15516WT. Features & Specifications: Color: Standard, Material: Steel.","TIMBERTECH Mirka Abrasives Inc AGB15516WT General Industrial. Color: Standard, Material: Steel","High quality TIMBERTECH Mirka Abrasives Inc AGB15516WT General Industrial. Built to industry standards. Specifications: Color: Standard, Material: Steel.",,,,,,,,,,,,,,,,,,,,,,,,,,General Industrial,Color,Standard,,,,,,,,,,,,,,,,,,,,,,,,,,,,,,,,,,,,,,,,,,,,,,,,,,,,,,,,,,,,,,,,,,,,,,,,,,,,,,,,,,,,,,,,,,,,,,,,,,,,,,,,,,,,,,,,,,,,,,,,,,,,,,,,,,,,,,,,,,,,,,,,,,,,,,,,,,,,,,,,,,,,,,,,,,,,,,,,,,,,,,,,,,,,,,,,,,,No
,,,,,,20000135,General Merchandise,Unclassified,General Industrial,1500135,AGB15520WT,1x6-20' Weathered Teak Grooved - Vintage Azek PVC Decking,TIMBERTECH,TIMBERTECH,TIMBERTECH,Mirka Abrasives Inc,Mirka Abrasives Inc,TIMBERTECH,,AGB15520WT,,General Industrial>Unclassified,TIMBERTECH AGB15520WT General Industrial,AGB15520WT General Industrial,"TIMBERTECH Mirka Abrasives Inc AGB15520WT General Industrial - Color: Standard,","TIMBERTECH Mirka Abrasives Inc AGB15520WT General Industrial. Manufacturer Part Number: AGB15520WT. Features & Specifications: Color: Standard, Material: Steel.","TIMBERTECH Mirka Abrasives Inc AGB15520WT General Industrial. Color: Standard, Material: Steel","High quality TIMBERTECH Mirka Abrasives Inc AGB15520WT General Industrial. Built to industry standards. Specifications: Color: Standard, Material: Steel.",,,,,,,,,,,,,,,,,,,,,,,,,,General Industrial,Color,Standard,,,,,,,,,,,,,,,,,,,,,,,,,,,,,,,,,,,,,,,,,,,,,,,,,,,,,,,,,,,,,,,,,,,,,,,,,,,,,,,,,,,,,,,,,,,,,,,,,,,,,,,,,,,,,,,,,,,,,,,,,,,,,,,,,,,,,,,,,,,,,,,,,,,,,,,,,,,,,,,,,,,,,,,,,,,,,,,,,,,,,,,,,,,,,,,,,,,No
,,,,,,20000136,General Merchandise,Unclassified,General Industrial,1500136,ADB15516AW,1x6-16' American Walnut Sq Edg - Landmark Azek PVC Decking,TIMBERTECH,TIMBERTECH,TIMBERTECH,Mirka Abrasives Inc,Mirka Abrasives Inc,TIMBERTECH,,ADB15516AW,,General Industrial>Unclassified,TIMBERTECH ADB15516AW General Industrial,ADB15516AW General Industrial,"TIMBERTECH Mirka Abrasives Inc ADB15516AW General Industrial - Color: Standard,","TIMBERTECH Mirka Abrasives Inc ADB15516AW General Industrial. Manufacturer Part Number: ADB15516AW. Features & Specifications: Color: Standard, Material: Steel.","TIMBERTECH Mirka Abrasives Inc ADB15516AW General Industrial. Color: Standard, Material: Steel","High quality TIMBERTECH Mirka Abrasives Inc ADB15516AW General Industrial. Built to industry standards. Specifications: Color: Standard, Material: Steel.",,,,,,,,,,,,,,,,,,,,,,,,,,General Industrial,Color,Standard,,,,,,,,,,,,,,,,,,,,,,,,,,,,,,,,,,,,,,,,,,,,,,,,,,,,,,,,,,,,,,,,,,,,,,,,,,,,,,,,,,,,,,,,,,,,,,,,,,,,,,,,,,,,,,,,,,,,,,,,,,,,,,,,,,,,,,,,,,,,,,,,,,,,,,,,,,,,,,,,,,,,,,,,,,,,,,,,,,,,,,,,,,,,,,,,,,,No
,,,,,,20000137,General Merchandise,Unclassified,General Industrial,1500137,ADB15520AW,1x6-20' American Walnut Sq Edg - Landmark Azek PVC Decking,TIMBERTECH,TIMBERTECH,TIMBERTECH,Mirka Abrasives Inc,Mirka Abrasives Inc,TIMBERTECH,,ADB15520AW,,General Industrial>Unclassified,TIMBERTECH ADB15520AW General Industrial,ADB15520AW General Industrial,"TIMBERTECH Mirka Abrasives Inc ADB15520AW General Industrial - Color: Standard,","TIMBERTECH Mirka Abrasives Inc ADB15520AW General Industrial. Manufacturer Part Number: ADB15520AW. Features & Specifications: Color: Standard, Material: Steel.","TIMBERTECH Mirka Abrasives Inc ADB15520AW General Industrial. Color: Standard, Material: Steel","High quality TIMBERTECH Mirka Abrasives Inc ADB15520AW General Industrial. Built to industry standards. Specifications: Color: Standard, Material: Steel.",,,,,,,,,,,,,,,,,,,,,,,,,,General Industrial,Color,Standard,,,,,,,,,,,,,,,,,,,,,,,,,,,,,,,,,,,,,,,,,,,,,,,,,,,,,,,,,,,,,,,,,,,,,,,,,,,,,,,,,,,,,,,,,,,,,,,,,,,,,,,,,,,,,,,,,,,,,,,,,,,,,,,,,,,,,,,,,,,,,,,,,,,,,,,,,,,,,,,,,,,,,,,,,,,,,,,,,,,,,,,,,,,,,,,,,,,No
,,,,,,20000138,General Merchandise,Unclassified,General Industrial,1500138,ADB15516CG,1x6-16' Castle Gate Sq Edge - Landmark Azek PVC Decking,TIMBERTECH,TIMBERTECH,TIMBERTECH,Mirka Abrasives Inc,Mirka Abrasives Inc,TIMBERTECH,,ADB15516CG,,General Industrial>Unclassified,TIMBERTECH ADB15516CG General Industrial,ADB15516CG General Industrial,"TIMBERTECH Mirka Abrasives Inc ADB15516CG General Industrial - Color: Standard,","TIMBERTECH Mirka Abrasives Inc ADB15516CG General Industrial. Manufacturer Part Number: ADB15516CG. Features & Specifications: Color: Standard, Material: Steel.","TIMBERTECH Mirka Abrasives Inc ADB15516CG General Industrial. Color: Standard, Material: Steel","High quality TIMBERTECH Mirka Abrasives Inc ADB15516CG General Industrial. Built to industry standards. Specifications: Color: Standard, Material: Steel.",,,,,,,,,,,,,,,,,,,,,,,,,,General Industrial,Color,Standard,,,,,,,,,,,,,,,,,,,,,,,,,,,,,,,,,,,,,,,,,,,,,,,,,,,,,,,,,,,,,,,,,,,,,,,,,,,,,,,,,,,,,,,,,,,,,,,,,,,,,,,,,,,,,,,,,,,,,,,,,,,,,,,,,,,,,,,,,,,,,,,,,,,,,,,,,,,,,,,,,,,,,,,,,,,,,,,,,,,,,,,,,,,,,,,,,,,No
,,,,,,20000139,General Merchandise,Unclassified,General Industrial,1500139,ADB15520CG,1x6-20' Castle Gate Sq Edge - Landmark Azek PVC Decking,TIMBERTECH,TIMBERTECH,TIMBERTECH,Mirka Abrasives Inc,Mirka Abrasives Inc,TIMBERTECH,,ADB15520CG,,General Industrial>Unclassified,TIMBERTECH ADB15520CG General Industrial,ADB15520CG General Industrial,"TIMBERTECH Mirka Abrasives Inc ADB15520CG General Industrial - Color: Standard,","TIMBERTECH Mirka Abrasives Inc ADB15520CG General Industrial. Manufacturer Part Number: ADB15520CG. Features & Specifications: Color: Standard, Material: Steel.","TIMBERTECH Mirka Abrasives Inc ADB15520CG General Industrial. Color: Standard, Material: Steel","High quality TIMBERTECH Mirka Abrasives Inc ADB15520CG General Industrial. Built to industry standards. Specifications: Color: Standard, Material: Steel.",,,,,,,,,,,,,,,,,,,,,,,,,,General Industrial,Color,Standard,,,,,,,,,,,,,,,,,,,,,,,,,,,,,,,,,,,,,,,,,,,,,,,,,,,,,,,,,,,,,,,,,,,,,,,,,,,,,,,,,,,,,,,,,,,,,,,,,,,,,,,,,,,,,,,,,,,,,,,,,,,,,,,,,,,,,,,,,,,,,,,,,,,,,,,,,,,,,,,,,,,,,,,,,,,,,,,,,,,,,,,,,,,,,,,,,,,No
,,,,,,20000140,General Merchandise,Unclassified,General Industrial,1500140,ADB15516FW,1x6-16' French White Oak Sq Ed - Landmark Azek PVC Decking,TIMBERTECH,TIMBERTECH,TIMBERTECH,Mirka Abrasives Inc,Mirka Abrasives Inc,TIMBERTECH,,ADB15516FW,,General Industrial>Unclassified,TIMBERTECH ADB15516FW General Industrial,ADB15516FW General Industrial,"TIMBERTECH Mirka Abrasives Inc ADB15516FW General Industrial - Color: Standard,","TIMBERTECH Mirka Abrasives Inc ADB15516FW General Industrial. Manufacturer Part Number: ADB15516FW. Features & Specifications: Color: Standard, Material: Steel.","TIMBERTECH Mirka Abrasives Inc ADB15516FW General Industrial. Color: Standard, Material: Steel","High quality TIMBERTECH Mirka Abrasives Inc ADB15516FW General Industrial. Built to industry standards. Specifications: Color: Standard, Material: Steel.",,,,,,,,,,,,,,,,,,,,,,,,,,General Industrial,Color,Standard,,,,,,,,,,,,,,,,,,,,,,,,,,,,,,,,,,,,,,,,,,,,,,,,,,,,,,,,,,,,,,,,,,,,,,,,,,,,,,,,,,,,,,,,,,,,,,,,,,,,,,,,,,,,,,,,,,,,,,,,,,,,,,,,,,,,,,,,,,,,,,,,,,,,,,,,,,,,,,,,,,,,,,,,,,,,,,,,,,,,,,,,,,,,,,,,,,,No
,,,,,,20000141,General Merchandise,Unclassified,General Industrial,1500141,ADB15520FW,1x6-20' French White Oak Sq Ed - Landmark Azek PVC Decking,TIMBERTECH,TIMBERTECH,TIMBERTECH,Mirka Abrasives Inc,Mirka Abrasives Inc,TIMBERTECH,,ADB15520FW,,General Industrial>Unclassified,TIMBERTECH ADB15520FW General Industrial,ADB15520FW General Industrial,"TIMBERTECH Mirka Abrasives Inc ADB15520FW General Industrial - Color: Standard,","TIMBERTECH Mirka Abrasives Inc ADB15520FW General Industrial. Manufacturer Part Number: ADB15520FW. Features & Specifications: Color: Standard, Material: Steel.","TIMBERTECH Mirka Abrasives Inc ADB15520FW General Industrial. Color: Standard, Material: Steel","High quality TIMBERTECH Mirka Abrasives Inc ADB15520FW General Industrial. Built to industry standards. Specifications: Color: Standard, Material: Steel.",,,,,,,,,,,,,,,,,,,,,,,,,,General Industrial,Color,Standard,,,,,,,,,,,,,,,,,,,,,,,,,,,,,,,,,,,,,,,,,,,,,,,,,,,,,,,,,,,,,,,,,,,,,,,,,,,,,,,,,,,,,,,,,,,,,,,,,,,,,,,,,,,,,,,,,,,,,,,,,,,,,,,,,,,,,,,,,,,,,,,,,,,,,,,,,,,,,,,,,,,,,,,,,,,,,,,,,,,,,,,,,,,,,,,,,,,No
,,,,,,20000142,General Merchandise,Unclassified,General Industrial,1500142,AGB15512AW,1x6-12' American Walnut Groove - Landmark Azek PVC Decking,TIMBERTECH,TIMBERTECH,TIMBERTECH,Mirka Abrasives Inc,Mirka Abrasives Inc,TIMBERTECH,,AGB15512AW,,General Industrial>Unclassified,TIMBERTECH AGB15512AW General Industrial,AGB15512AW General Industrial,"TIMBERTECH Mirka Abrasives Inc AGB15512AW General Industrial - Color: Standard,","TIMBERTECH Mirka Abrasives Inc AGB15512AW General Industrial. Manufacturer Part Number: AGB15512AW. Features & Specifications: Color: Standard, Material: Steel.","TIMBERTECH Mirka Abrasives Inc AGB15512AW General Industrial. Color: Standard, Material: Steel","High quality TIMBERTECH Mirka Abrasives Inc AGB15512AW General Industrial. Built to industry standards. Specifications: Color: Standard, Material: Steel.",,,,,,,,,,,,,,,,,,,,,,,,,,General Industrial,Color,Standard,,,,,,,,,,,,,,,,,,,,,,,,,,,,,,,,,,,,,,,,,,,,,,,,,,,,,,,,,,,,,,,,,,,,,,,,,,,,,,,,,,,,,,,,,,,,,,,,,,,,,,,,,,,,,,,,,,,,,,,,,,,,,,,,,,,,,,,,,,,,,,,,,,,,,,,,,,,,,,,,,,,,,,,,,,,,,,,,,,,,,,,,,,,,,,,,,,,No
,,,,,,20000143,General Merchandise,Unclassified,General Industrial,1500143,AGB15516AW,1x6-16' American Walnut Groove - Landmark Azek PVC Decking,TIMBERTECH,TIMBERTECH,TIMBERTECH,Mirka Abrasives Inc,Mirka Abrasives Inc,TIMBERTECH,,AGB15516AW,,General Industrial>Unclassified,TIMBERTECH AGB15516AW General Industrial,AGB15516AW General Industrial,"TIMBERTECH Mirka Abrasives Inc AGB15516AW General Industrial - Color: Standard,","TIMBERTECH Mirka Abrasives Inc AGB15516AW General Industrial. Manufacturer Part Number: AGB15516AW. Features & Specifications: Color: Standard, Material: Steel.","TIMBERTECH Mirka Abrasives Inc AGB15516AW General Industrial. Color: Standard, Material: Steel","High quality TIMBERTECH Mirka Abrasives Inc AGB15516AW General Industrial. Built to industry standards. Specifications: Color: Standard, Material: Steel.",,,,,,,,,,,,,,,,,,,,,,,,,,General Industrial,Color,Standard,,,,,,,,,,,,,,,,,,,,,,,,,,,,,,,,,,,,,,,,,,,,,,,,,,,,,,,,,,,,,,,,,,,,,,,,,,,,,,,,,,,,,,,,,,,,,,,,,,,,,,,,,,,,,,,,,,,,,,,,,,,,,,,,,,,,,,,,,,,,,,,,,,,,,,,,,,,,,,,,,,,,,,,,,,,,,,,,,,,,,,,,,,,,,,,,,,,No
,,,,,,20000144,General Merchandise,Unclassified,General Industrial,1500144,AGB15520AW,1x6-20' American Walnut Groove - Landmark Azek PVC Decking,TIMBERTECH,TIMBERTECH,TIMBERTECH,Mirka Abrasives Inc,Mirka Abrasives Inc,TIMBERTECH,,AGB15520AW,,General Industrial>Unclassified,TIMBERTECH AGB15520AW General Industrial,AGB15520AW General Industrial,"TIMBERTECH Mirka Abrasives Inc AGB15520AW General Industrial - Color: Standard,","TIMBERTECH Mirka Abrasives Inc AGB15520AW General Industrial. Manufacturer Part Number: AGB15520AW. Features & Specifications: Color: Standard, Material: Steel.","TIMBERTECH Mirka Abrasives Inc AGB15520AW General Industrial. Color: Standard, Material: Steel","High quality TIMBERTECH Mirka Abrasives Inc AGB15520AW General Industrial. Built to industry standards. Specifications: Color: Standard, Material: Steel.",,,,,,,,,,,,,,,,,,,,,,,,,,General Industrial,Color,Standard,,,,,,,,,,,,,,,,,,,,,,,,,,,,,,,,,,,,,,,,,,,,,,,,,,,,,,,,,,,,,,,,,,,,,,,,,,,,,,,,,,,,,,,,,,,,,,,,,,,,,,,,,,,,,,,,,,,,,,,,,,,,,,,,,,,,,,,,,,,,,,,,,,,,,,,,,,,,,,,,,,,,,,,,,,,,,,,,,,,,,,,,,,,,,,,,,,,No
,,,,,,20000145,General Merchandise,Unclassified,General Industrial,1500145,AGB15512CG,1x6-12' Castle Gate Grooved - Landmark Azek PVC Decking,TIMBERTECH,TIMBERTECH,TIMBERTECH,Mirka Abrasives Inc,Mirka Abrasives Inc,TIMBERTECH,,AGB15512CG,,General Industrial>Unclassified,TIMBERTECH AGB15512CG General Industrial,AGB15512CG General Industrial,"TIMBERTECH Mirka Abrasives Inc AGB15512CG General Industrial - Color: Standard,","TIMBERTECH Mirka Abrasives Inc AGB15512CG General Industrial. Manufacturer Part Number: AGB15512CG. Features & Specifications: Color: Standard, Material: Steel.","TIMBERTECH Mirka Abrasives Inc AGB15512CG General Industrial. Color: Standard, Material: Steel","High quality TIMBERTECH Mirka Abrasives Inc AGB15512CG General Industrial. Built to industry standards. Specifications: Color: Standard, Material: Steel.",,,,,,,,,,,,,,,,,,,,,,,,,,General Industrial,Color,Standard,,,,,,,,,,,,,,,,,,,,,,,,,,,,,,,,,,,,,,,,,,,,,,,,,,,,,,,,,,,,,,,,,,,,,,,,,,,,,,,,,,,,,,,,,,,,,,,,,,,,,,,,,,,,,,,,,,,,,,,,,,,,,,,,,,,,,,,,,,,,,,,,,,,,,,,,,,,,,,,,,,,,,,,,,,,,,,,,,,,,,,,,,,,,,,,,,,,No
,,,,,,20000146,General Merchandise,Unclassified,General Industrial,1500146,AGB15516CG,1x6-16' Castle Gate Grooved - Landmark Azek PVC Decking,TIMBERTECH,TIMBERTECH,TIMBERTECH,Mirka Abrasives Inc,Mirka Abrasives Inc,TIMBERTECH,,AGB15516CG,,General Industrial>Unclassified,TIMBERTECH AGB15516CG General Industrial,AGB15516CG General Industrial,"TIMBERTECH Mirka Abrasives Inc AGB15516CG General Industrial - Color: Standard,","TIMBERTECH Mirka Abrasives Inc AGB15516CG General Industrial. Manufacturer Part Number: AGB15516CG. Features & Specifications: Color: Standard, Material: Steel.","TIMBERTECH Mirka Abrasives Inc AGB15516CG General Industrial. Color: Standard, Material: Steel","High quality TIMBERTECH Mirka Abrasives Inc AGB15516CG General Industrial. Built to industry standards. Specifications: Color: Standard, Material: Steel.",,,,,,,,,,,,,,,,,,,,,,,,,,General Industrial,Color,Standard,,,,,,,,,,,,,,,,,,,,,,,,,,,,,,,,,,,,,,,,,,,,,,,,,,,,,,,,,,,,,,,,,,,,,,,,,,,,,,,,,,,,,,,,,,,,,,,,,,,,,,,,,,,,,,,,,,,,,,,,,,,,,,,,,,,,,,,,,,,,,,,,,,,,,,,,,,,,,,,,,,,,,,,,,,,,,,,,,,,,,,,,,,,,,,,,,,,No
,,,,,,20000147,General Merchandise,Unclassified,General Industrial,1500147,AGB15520CG,1x6-20' Castle Gate Grooved - Landmark Azek PVC Decking,TIMBERTECH,TIMBERTECH,TIMBERTECH,Mirka Abrasives Inc,Mirka Abrasives Inc,TIMBERTECH,,AGB15520CG,,General Industrial>Unclassified,TIMBERTECH AGB15520CG General Industrial,AGB15520CG General Industrial,"TIMBERTECH Mirka Abrasives Inc AGB15520CG General Industrial - Color: Standard,","TIMBERTECH Mirka Abrasives Inc AGB15520CG General Industrial. Manufacturer Part Number: AGB15520CG. Features & Specifications: Color: Standard, Material: Steel.","TIMBERTECH Mirka Abrasives Inc AGB15520CG General Industrial. Color: Standard, Material: Steel","High quality TIMBERTECH Mirka Abrasives Inc AGB15520CG General Industrial. Built to industry standards. Specifications: Color: Standard, Material: Steel.",,,,,,,,,,,,,,,,,,,,,,,,,,General Industrial,Color,Standard,,,,,,,,,,,,,,,,,,,,,,,,,,,,,,,,,,,,,,,,,,,,,,,,,,,,,,,,,,,,,,,,,,,,,,,,,,,,,,,,,,,,,,,,,,,,,,,,,,,,,,,,,,,,,,,,,,,,,,,,,,,,,,,,,,,,,,,,,,,,,,,,,,,,,,,,,,,,,,,,,,,,,,,,,,,,,,,,,,,,,,,,,,,,,,,,,,,No
,,,,,,20000148,General Merchandise,Unclassified,General Industrial,1500148,AGB15512FW,1x6-12' French White Oak Groov - Landmark Azek PVC Decking,TIMBERTECH,TIMBERTECH,TIMBERTECH,Mirka Abrasives Inc,Mirka Abrasives Inc,TIMBERTECH,,AGB15512FW,,General Industrial>Unclassified,TIMBERTECH AGB15512FW General Industrial,AGB15512FW General Industrial,"TIMBERTECH Mirka Abrasives Inc AGB15512FW General Industrial - Color: Standard,","TIMBERTECH Mirka Abrasives Inc AGB15512FW General Industrial. Manufacturer Part Number: AGB15512FW. Features & Specifications: Color: Standard, Material: Steel.","TIMBERTECH Mirka Abrasives Inc AGB15512FW General Industrial. Color: Standard, Material: Steel","High quality TIMBERTECH Mirka Abrasives Inc AGB15512FW General Industrial. Built to industry standards. Specifications: Color: Standard, Material: Steel.",,,,,,,,,,,,,,,,,,,,,,,,,,General Industrial,Color,Standard,,,,,,,,,,,,,,,,,,,,,,,,,,,,,,,,,,,,,,,,,,,,,,,,,,,,,,,,,,,,,,,,,,,,,,,,,,,,,,,,,,,,,,,,,,,,,,,,,,,,,,,,,,,,,,,,,,,,,,,,,,,,,,,,,,,,,,,,,,,,,,,,,,,,,,,,,,,,,,,,,,,,,,,,,,,,,,,,,,,,,,,,,,,,,,,,,,,No
,,,,,,20000149,General Merchandise,Unclassified,General Industrial,1500149,AGB15516FW,1x6-16' French White Oak Groov - Landmark Azek PVC Decking,TIMBERTECH,TIMBERTECH,TIMBERTECH,Mirka Abrasives Inc,Mirka Abrasives Inc,TIMBERTECH,,AGB15516FW,,General Industrial>Unclassified,TIMBERTECH AGB15516FW General Industrial,AGB15516FW General Industrial,"TIMBERTECH Mirka Abrasives Inc AGB15516FW General Industrial - Color: Standard,","TIMBERTECH Mirka Abrasives Inc AGB15516FW General Industrial. Manufacturer Part Number: AGB15516FW. Features & Specifications: Color: Standard, Material: Steel.","TIMBERTECH Mirka Abrasives Inc AGB15516FW General Industrial. Color: Standard, Material: Steel","High quality TIMBERTECH Mirka Abrasives Inc AGB15516FW General Industrial. Built to industry standards. Specifications: Color: Standard, Material: Steel.",,,,,,,,,,,,,,,,,,,,,,,,,,General Industrial,Color,Standard,,,,,,,,,,,,,,,,,,,,,,,,,,,,,,,,,,,,,,,,,,,,,,,,,,,,,,,,,,,,,,,,,,,,,,,,,,,,,,,,,,,,,,,,,,,,,,,,,,,,,,,,,,,,,,,,,,,,,,,,,,,,,,,,,,,,,,,,,,,,,,,,,,,,,,,,,,,,,,,,,,,,,,,,,,,,,,,,,,,,,,,,,,,,,,,,,,,No
,,,,,,20000150,General Merchandise,Unclassified,General Industrial,1500150,AGB15520FW,1x6-20' French White Oak Groov - Landmark Azek PVC Decking,TIMBERTECH,TIMBERTECH,TIMBERTECH,Mirka Abrasives Inc,Mirka Abrasives Inc,TIMBERTECH,,AGB15520FW,,General Industrial>Unclassified,TIMBERTECH AGB15520FW General Industrial,AGB15520FW General Industrial,"TIMBERTECH Mirka Abrasives Inc AGB15520FW General Industrial - Color: Standard,","TIMBERTECH Mirka Abrasives Inc AGB15520FW General Industrial. Manufacturer Part Number: AGB15520FW. Features & Specifications: Color: Standard, Material: Steel.","TIMBERTECH Mirka Abrasives Inc AGB15520FW General Industrial. Color: Standard, Material: Steel","High quality TIMBERTECH Mirka Abrasives Inc AGB15520FW General Industrial. Built to industry standards. Specifications: Color: Standard, Material: Steel.",,,,,,,,,,,,,,,,,,,,,,,,,,General Industrial,Color,Standard,,,,,,,,,,,,,,,,,,,,,,,,,,,,,,,,,,,,,,,,,,,,,,,,,,,,,,,,,,,,,,,,,,,,,,,,,,,,,,,,,,,,,,,,,,,,,,,,,,,,,,,,,,,,,,,,,,,,,,,,,,,,,,,,,,,,,,,,,,,,,,,,,,,,,,,,,,,,,,,,,,,,,,,,,,,,,,,,,,,,,,,,,,,,,,,,,,,No
,,,,,,20000151,General Merchandise,Unclassified,General Industrial,1500151,ADCB15516BS,1x6-16' Brownstone Sq Edge - Harvest Azek PVC Decking,TIMBERTECH,TIMBERTECH,TIMBERTECH,Mirka Abrasives Inc,Mirka Abrasives Inc,TIMBERTECH,,ADCB15516BS,,General Industrial>Unclassified,TIMBERTECH ADCB15516BS General Industria,ADCB15516BS General Industrial,"TIMBERTECH Mirka Abrasives Inc ADCB15516BS General Industrial - Color: Standard,","TIMBERTECH Mirka Abrasives Inc ADCB15516BS General Industrial. Manufacturer Part Number: ADCB15516BS. Features & Specifications: Color: Standard, Material: Steel.","TIMBERTECH Mirka Abrasives Inc ADCB15516BS General Industrial. Color: Standard, Material: Steel","High quality TIMBERTECH Mirka Abrasives Inc ADCB15516BS General Industrial. Built to industry standards. Specifications: Color: Standard, Material: Steel.",,,,,,,,,,,,,,,,,,,,,,,,,,General Industrial,Color,Standard,,,,,,,,,,,,,,,,,,,,,,,,,,,,,,,,,,,,,,,,,,,,,,,,,,,,,,,,,,,,,,,,,,,,,,,,,,,,,,,,,,,,,,,,,,,,,,,,,,,,,,,,,,,,,,,,,,,,,,,,,,,,,,,,,,,,,,,,,,,,,,,,,,,,,,,,,,,,,,,,,,,,,,,,,,,,,,,,,,,,,,,,,,,,,,,,,,,No
,,,,,,20000152,General Merchandise,Unclassified,General Industrial,1500152,ADCB15520BS,1x6-20' Brownstone Sq Edge - Harvest Azek PVC Decking,TIMBERTECH,TIMBERTECH,TIMBERTECH,Mirka Abrasives Inc,Mirka Abrasives Inc,TIMBERTECH,,ADCB15520BS,,General Industrial>Unclassified,TIMBERTECH ADCB15520BS General Industria,ADCB15520BS General Industrial,"TIMBERTECH Mirka Abrasives Inc ADCB15520BS General Industrial - Color: Standard,","TIMBERTECH Mirka Abrasives Inc ADCB15520BS General Industrial. Manufacturer Part Number: ADCB15520BS. Features & Specifications: Color: Standard, Material: Steel.","TIMBERTECH Mirka Abrasives Inc ADCB15520BS General Industrial. Color: Standard, Material: Steel","High quality TIMBERTECH Mirka Abrasives Inc ADCB15520BS General Industrial. Built to industry standards. Specifications: Color: Standard, Material: Steel.",,,,,,,,,,,,,,,,,,,,,,,,,,General Industrial,Color,Standard,,,,,,,,,,,,,,,,,,,,,,,,,,,,,,,,,,,,,,,,,,,,,,,,,,,,,,,,,,,,,,,,,,,,,,,,,,,,,,,,,,,,,,,,,,,,,,,,,,,,,,,,,,,,,,,,,,,,,,,,,,,,,,,,,,,,,,,,,,,,,,,,,,,,,,,,,,,,,,,,,,,,,,,,,,,,,,,,,,,,,,,,,,,,,,,,,,,No
,,,,,,20000153,General Merchandise,Unclassified,General Industrial,1500153,ADCB15516SG,1x6-16' Slate Gray Sq Edge - Harvest Azek PVC Decking,TIMBERTECH,TIMBERTECH,TIMBERTECH,Mirka Abrasives Inc,Mirka Abrasives Inc,TIMBERTECH,,ADCB15516SG,,General Industrial>Unclassified,TIMBERTECH ADCB15516SG General Industria,ADCB15516SG General Industrial,"TIMBERTECH Mirka Abrasives Inc ADCB15516SG General Industrial - Color: Standard,","TIMBERTECH Mirka Abrasives Inc ADCB15516SG General Industrial. Manufacturer Part Number: ADCB15516SG. Features & Specifications: Color: Standard, Material: Steel.","TIMBERTECH Mirka Abrasives Inc ADCB15516SG General Industrial. Color: Standard, Material: Steel","High quality TIMBERTECH Mirka Abrasives Inc ADCB15516SG General Industrial. Built to industry standards. Specifications: Color: Standard, Material: Steel.",,,,,,,,,,,,,,,,,,,,,,,,,,General Industrial,Color,Standard,,,,,,,,,,,,,,,,,,,,,,,,,,,,,,,,,,,,,,,,,,,,,,,,,,,,,,,,,,,,,,,,,,,,,,,,,,,,,,,,,,,,,,,,,,,,,,,,,,,,,,,,,,,,,,,,,,,,,,,,,,,,,,,,,,,,,,,,,,,,,,,,,,,,,,,,,,,,,,,,,,,,,,,,,,,,,,,,,,,,,,,,,,,,,,,,,,,No
,,,,,,20000154,General Merchandise,Unclassified,General Industrial,1500154,ADCB15520SG,1x6-20' Slate Gray Sq Edge - Harvest Azek PVC Decking,TIMBERTECH,TIMBERTECH,TIMBERTECH,Mirka Abrasives Inc,Mirka Abrasives Inc,TIMBERTECH,,ADCB15520SG,,General Industrial>Unclassified,TIMBERTECH ADCB15520SG General Industria,ADCB15520SG General Industrial,"TIMBERTECH Mirka Abrasives Inc ADCB15520SG General Industrial - Color: Standard,","TIMBERTECH Mirka Abrasives Inc ADCB15520SG General Industrial. Manufacturer Part Number: ADCB15520SG. Features & Specifications: Color: Standard, Material: Steel.","TIMBERTECH Mirka Abrasives Inc ADCB15520SG General Industrial. Color: Standard, Material: Steel","High quality TIMBERTECH Mirka Abrasives Inc ADCB15520SG General Industrial. Built to industry standards. Specifications: Color: Standard, Material: Steel.",,,,,,,,,,,,,,,,,,,,,,,,,,General Industrial,Color,Standard,,,,,,,,,,,,,,,,,,,,,,,,,,,,,,,,,,,,,,,,,,,,,,,,,,,,,,,,,,,,,,,,,,,,,,,,,,,,,,,,,,,,,,,,,,,,,,,,,,,,,,,,,,,,,,,,,,,,,,,,,,,,,,,,,,,,,,,,,,,,,,,,,,,,,,,,,,,,,,,,,,,,,,,,,,,,,,,,,,,,,,,,,,,,,,,,,,,No
,,,,,,20000155,General Merchandise,Unclassified,General Industrial,1500155,AGB15512BS,1x6-12' Brownstone Grooved - Harvest Azek PVC Decking,TIMBERTECH,TIMBERTECH,TIMBERTECH,Mirka Abrasives Inc,Mirka Abrasives Inc,TIMBERTECH,,AGB15512BS,,General Industrial>Unclassified,TIMBERTECH AGB15512BS General Industrial,AGB15512BS General Industrial,"TIMBERTECH Mirka Abrasives Inc AGB15512BS General Industrial - Color: Standard,","TIMBERTECH Mirka Abrasives Inc AGB15512BS General Industrial. Manufacturer Part Number: AGB15512BS. Features & Specifications: Color: Standard, Material: Steel.","TIMBERTECH Mirka Abrasives Inc AGB15512BS General Industrial. Color: Standard, Material: Steel","High quality TIMBERTECH Mirka Abrasives Inc AGB15512BS General Industrial. Built to industry standards. Specifications: Color: Standard, Material: Steel.",,,,,,,,,,,,,,,,,,,,,,,,,,General Industrial,Color,Standard,,,,,,,,,,,,,,,,,,,,,,,,,,,,,,,,,,,,,,,,,,,,,,,,,,,,,,,,,,,,,,,,,,,,,,,,,,,,,,,,,,,,,,,,,,,,,,,,,,,,,,,,,,,,,,,,,,,,,,,,,,,,,,,,,,,,,,,,,,,,,,,,,,,,,,,,,,,,,,,,,,,,,,,,,,,,,,,,,,,,,,,,,,,,,,,,,,,No
,,,,,,20000156,General Merchandise,Unclassified,General Industrial,1500156,AGB15516BS,1x6-16' Brownstone Grooved - Harvest Azek PVC Decking,TIMBERTECH,TIMBERTECH,TIMBERTECH,Mirka Abrasives Inc,Mirka Abrasives Inc,TIMBERTECH,,AGB15516BS,,General Industrial>Unclassified,TIMBERTECH AGB15516BS General Industrial,AGB15516BS General Industrial,"TIMBERTECH Mirka Abrasives Inc AGB15516BS General Industrial - Color: Standard,","TIMBERTECH Mirka Abrasives Inc AGB15516BS General Industrial. Manufacturer Part Number: AGB15516BS. Features & Specifications: Color: Standard, Material: Steel.","TIMBERTECH Mirka Abrasives Inc AGB15516BS General Industrial. Color: Standard, Material: Steel","High quality TIMBERTECH Mirka Abrasives Inc AGB15516BS General Industrial. Built to industry standards. Specifications: Color: Standard, Material: Steel.",,,,,,,,,,,,,,,,,,,,,,,,,,General Industrial,Color,Standard,,,,,,,,,,,,,,,,,,,,,,,,,,,,,,,,,,,,,,,,,,,,,,,,,,,,,,,,,,,,,,,,,,,,,,,,,,,,,,,,,,,,,,,,,,,,,,,,,,,,,,,,,,,,,,,,,,,,,,,,,,,,,,,,,,,,,,,,,,,,,,,,,,,,,,,,,,,,,,,,,,,,,,,,,,,,,,,,,,,,,,,,,,,,,,,,,,,No
,,,,,,20000157,General Merchandise,Unclassified,General Industrial,1500157,AGB15520BS,1x6-20' Brownstone Grooved - Harvest Azek PVC Decking,TIMBERTECH,TIMBERTECH,TIMBERTECH,Mirka Abrasives Inc,Mirka Abrasives Inc,TIMBERTECH,,AGB15520BS,,General Industrial>Unclassified,TIMBERTECH AGB15520BS General Industrial,AGB15520BS General Industrial,"TIMBERTECH Mirka Abrasives Inc AGB15520BS General Industrial - Color: Standard,","TIMBERTECH Mirka Abrasives Inc AGB15520BS General Industrial. Manufacturer Part Number: AGB15520BS. Features & Specifications: Color: Standard, Material: Steel.","TIMBERTECH Mirka Abrasives Inc AGB15520BS General Industrial. Color: Standard, Material: Steel","High quality TIMBERTECH Mirka Abrasives Inc AGB15520BS General Industrial. Built to industry standards. Specifications: Color: Standard, Material: Steel.",,,,,,,,,,,,,,,,,,,,,,,,,,General Industrial,Color,Standard,,,,,,,,,,,,,,,,,,,,,,,,,,,,,,,,,,,,,,,,,,,,,,,,,,,,,,,,,,,,,,,,,,,,,,,,,,,,,,,,,,,,,,,,,,,,,,,,,,,,,,,,,,,,,,,,,,,,,,,,,,,,,,,,,,,,,,,,,,,,,,,,,,,,,,,,,,,,,,,,,,,,,,,,,,,,,,,,,,,,,,,,,,,,,,,,,,,No
,,,,,,20000158,General Merchandise,Unclassified,General Industrial,1500158,AGB15512SG,1x6-12' Slate Gray Grooved - Harvest Azek PVC Decking,TIMBERTECH,TIMBERTECH,TIMBERTECH,Mirka Abrasives Inc,Mirka Abrasives Inc,TIMBERTECH,,AGB15512SG,,General Industrial>Unclassified,TIMBERTECH AGB15512SG General Industrial,AGB15512SG General Industrial,"TIMBERTECH Mirka Abrasives Inc AGB15512SG General Industrial - Color: Standard,","TIMBERTECH Mirka Abrasives Inc AGB15512SG General Industrial. Manufacturer Part Number: AGB15512SG. Features & Specifications: Color: Standard, Material: Steel.","TIMBERTECH Mirka Abrasives Inc AGB15512SG General Industrial. Color: Standard, Material: Steel","High quality TIMBERTECH Mirka Abrasives Inc AGB15512SG General Industrial. Built to industry standards. Specifications: Color: Standard, Material: Steel.",,,,,,,,,,,,,,,,,,,,,,,,,,General Industrial,Color,Standard,,,,,,,,,,,,,,,,,,,,,,,,,,,,,,,,,,,,,,,,,,,,,,,,,,,,,,,,,,,,,,,,,,,,,,,,,,,,,,,,,,,,,,,,,,,,,,,,,,,,,,,,,,,,,,,,,,,,,,,,,,,,,,,,,,,,,,,,,,,,,,,,,,,,,,,,,,,,,,,,,,,,,,,,,,,,,,,,,,,,,,,,,,,,,,,,,,,No
,,,,,,20000159,General Merchandise,Unclassified,General Industrial,1500159,AGB15516SG,1x6-16' Slate Gray Grooved - Harvest Azek PVC Decking,TIMBERTECH,TIMBERTECH,TIMBERTECH,Mirka Abrasives Inc,Mirka Abrasives Inc,TIMBERTECH,,AGB15516SG,,General Industrial>Unclassified,TIMBERTECH AGB15516SG General Industrial,AGB15516SG General Industrial,"TIMBERTECH Mirka Abrasives Inc AGB15516SG General Industrial - Color: Standard,","TIMBERTECH Mirka Abrasives Inc AGB15516SG General Industrial. Manufacturer Part Number: AGB15516SG. Features & Specifications: Color: Standard, Material: Steel.","TIMBERTECH Mirka Abrasives Inc AGB15516SG General Industrial. Color: Standard, Material: Steel","High quality TIMBERTECH Mirka Abrasives Inc AGB15516SG General Industrial. Built to industry standards. Specifications: Color: Standard, Material: Steel.",,,,,,,,,,,,,,,,,,,,,,,,,,General Industrial,Color,Standard,,,,,,,,,,,,,,,,,,,,,,,,,,,,,,,,,,,,,,,,,,,,,,,,,,,,,,,,,,,,,,,,,,,,,,,,,,,,,,,,,,,,,,,,,,,,,,,,,,,,,,,,,,,,,,,,,,,,,,,,,,,,,,,,,,,,,,,,,,,,,,,,,,,,,,,,,,,,,,,,,,,,,,,,,,,,,,,,,,,,,,,,,,,,,,,,,,,No
,,,,,,20000160,General Merchandise,Unclassified,General Industrial,1500160,AGB15520SG,1x6-20' Slate Gray Grooved - Harvest Azek PVC Decking,TIMBERTECH,TIMBERTECH,TIMBERTECH,Mirka Abrasives Inc,Mirka Abrasives Inc,TIMBERTECH,,AGB15520SG,,General Industrial>Unclassified,TIMBERTECH AGB15520SG General Industrial,AGB15520SG General Industrial,"TIMBERTECH Mirka Abrasives Inc AGB15520SG General Industrial - Color: Standard,","TIMBERTECH Mirka Abrasives Inc AGB15520SG General Industrial. Manufacturer Part Number: AGB15520SG. Features & Specifications: Color: Standard, Material: Steel.","TIMBERTECH Mirka Abrasives Inc AGB15520SG General Industrial. Color: Standard, Material: Steel","High quality TIMBERTECH Mirka Abrasives Inc AGB15520SG General Industrial. Built to industry standards. Specifications: Color: Standard, Material: Steel.",,,,,,,,,,,,,,,,,,,,,,,,,,General Industrial,Color,Standard,,,,,,,,,,,,,,,,,,,,,,,,,,,,,,,,,,,,,,,,,,,,,,,,,,,,,,,,,,,,,,,,,,,,,,,,,,,,,,,,,,,,,,,,,,,,,,,,,,,,,,,,,,,,,,,,,,,,,,,,,,,,,,,,,,,,,,,,,,,,,,,,,,,,,,,,,,,,,,,,,,,,,,,,,,,,,,,,,,,,,,,,,,,,,,,,,,,No
,,,,,,20000161,General Merchandise,Unclassified,General Industrial,1500161,543140016,1nx6-16' Biscayne Sq Edge - Trex Transcend Lineage Decking,TREX,TREX,TREX,Appliance Dealers Cooperative,Appliance Dealers Cooperative,TREX,,543140016,,General Industrial>Unclassified,TREX 543140016 General Industrial,543140016 General Industrial,TREX Appliance Dealers Cooperative 543140016 General Industrial - Color: Standar,"TREX Appliance Dealers Cooperative 543140016 General Industrial. Manufacturer Part Number: 543140016. Features & Specifications: Color: Standard, Material: Steel.","TREX Appliance Dealers Cooperative 543140016 General Industrial. Color: Standard, Material: Steel","High quality TREX Appliance Dealers Cooperative 543140016 General Industrial. Built to industry standards. Specifications: Color: Standard, Material: Steel.",,,,,,,,,,,,,,,,,,,,,,,,,,General Industrial,Color,Standard,,,,,,,,,,,,,,,,,,,,,,,,,,,,,,,,,,,,,,,,,,,,,,,,,,,,,,,,,,,,,,,,,,,,,,,,,,,,,,,,,,,,,,,,,,,,,,,,,,,,,,,,,,,,,,,,,,,,,,,,,,,,,,,,,,,,,,,,,,,,,,,,,,,,,,,,,,,,,,,,,,,,,,,,,,,,,,,,,,,,,,,,,,,,,,,,,,,No
,,,,,,20000162,General Merchandise,Unclassified,General Industrial,1500162,543140020,1nx6-20' Biscayne Sq Edge - Trex Transcend Lineage Decking,TREX,TREX,TREX,Appliance Dealers Cooperative,Appliance Dealers Cooperative,TREX,,543140020,,General Industrial>Unclassified,TREX 543140020 General Industrial,543140020 General Industrial,TREX Appliance Dealers Cooperative 543140020 General Industrial - Color: Standar,"TREX Appliance Dealers Cooperative 543140020 General Industrial. Manufacturer Part Number: 543140020. Features & Specifications: Color: Standard, Material: Steel.","TREX Appliance Dealers Cooperative 543140020 General Industrial. Color: Standard, Material: Steel","High quality TREX Appliance Dealers Cooperative 543140020 General Industrial. Built to industry standards. Specifications: Color: Standard, Material: Steel.",,,,,,,,,,,,,,,,,,,,,,,,,,General Industrial,Color,Standard,,,,,,,,,,,,,,,,,,,,,,,,,,,,,,,,,,,,,,,,,,,,,,,,,,,,,,,,,,,,,,,,,,,,,,,,,,,,,,,,,,,,,,,,,,,,,,,,,,,,,,,,,,,,,,,,,,,,,,,,,,,,,,,,,,,,,,,,,,,,,,,,,,,,,,,,,,,,,,,,,,,,,,,,,,,,,,,,,,,,,,,,,,,,,,,,,,,No
,,,,,,20000163,General Merchandise,Unclassified,General Industrial,1500163,543142016,1nx6-16' Carmel Sq Edge - Trex Transcend Lineage Decking,TREX,TREX,TREX,Appliance Dealers Cooperative,Appliance Dealers Cooperative,TREX,,543142016,,General Industrial>Unclassified,TREX 543142016 General Industrial,543142016 General Industrial,TREX Appliance Dealers Cooperative 543142016 General Industrial - Color: Standar,"TREX Appliance Dealers Cooperative 543142016 General Industrial. Manufacturer Part Number: 543142016. Features & Specifications: Color: Standard, Material: Steel.","TREX Appliance Dealers Cooperative 543142016 General Industrial. Color: Standard, Material: Steel","High quality TREX Appliance Dealers Cooperative 543142016 General Industrial. Built to industry standards. Specifications: Color: Standard, Material: Steel.",,,,,,,,,,,,,,,,,,,,,,,,,,General Industrial,Color,Standard,,,,,,,,,,,,,,,,,,,,,,,,,,,,,,,,,,,,,,,,,,,,,,,,,,,,,,,,,,,,,,,,,,,,,,,,,,,,,,,,,,,,,,,,,,,,,,,,,,,,,,,,,,,,,,,,,,,,,,,,,,,,,,,,,,,,,,,,,,,,,,,,,,,,,,,,,,,,,,,,,,,,,,,,,,,,,,,,,,,,,,,,,,,,,,,,,,,No
,,,,,,20000164,General Merchandise,Unclassified,General Industrial,1500164,543142020,1nx6-20' Carmel Sq Edge - Trex Transcend Lineage Decking,TREX,TREX,TREX,Appliance Dealers Cooperative,Appliance Dealers Cooperative,TREX,,543142020,,General Industrial>Unclassified,TREX 543142020 General Industrial,543142020 General Industrial,TREX Appliance Dealers Cooperative 543142020 General Industrial - Color: Standar,"TREX Appliance Dealers Cooperative 543142020 General Industrial. Manufacturer Part Number: 543142020. Features & Specifications: Color: Standard, Material: Steel.","TREX Appliance Dealers Cooperative 543142020 General Industrial. Color: Standard, Material: Steel","High quality TREX Appliance Dealers Cooperative 543142020 General Industrial. Built to industry standards. Specifications: Color: Standard, Material: Steel.",,,,,,,,,,,,,,,,,,,,,,,,,,General Industrial,Color,Standard,,,,,,,,,,,,,,,,,,,,,,,,,,,,,,,,,,,,,,,,,,,,,,,,,,,,,,,,,,,,,,,,,,,,,,,,,,,,,,,,,,,,,,,,,,,,,,,,,,,,,,,,,,,,,,,,,,,,,,,,,,,,,,,,,,,,,,,,,,,,,,,,,,,,,,,,,,,,,,,,,,,,,,,,,,,,,,,,,,,,,,,,,,,,,,,,,,,No
,,,,,,20000165,General Merchandise,Unclassified,General Industrial,1500165,543144016,1nx6-16' Island Mist Sq Edge - Trex Transcend Lineage Decking,TREX,TREX,TREX,Appliance Dealers Cooperative,Appliance Dealers Cooperative,TREX,,543144016,,General Industrial>Unclassified,TREX 543144016 General Industrial,543144016 General Industrial,TREX Appliance Dealers Cooperative 543144016 General Industrial - Color: Standar,"TREX Appliance Dealers Cooperative 543144016 General Industrial. Manufacturer Part Number: 543144016. Features & Specifications: Color: Standard, Material: Steel.","TREX Appliance Dealers Cooperative 543144016 General Industrial. Color: Standard, Material: Steel","High quality TREX Appliance Dealers Cooperative 543144016 General Industrial. Built to industry standards. Specifications: Color: Standard, Material: Steel.",,,,,,,,,,,,,,,,,,,,,,,,,,General Industrial,Color,Standard,,,,,,,,,,,,,,,,,,,,,,,,,,,,,,,,,,,,,,,,,,,,,,,,,,,,,,,,,,,,,,,,,,,,,,,,,,,,,,,,,,,,,,,,,,,,,,,,,,,,,,,,,,,,,,,,,,,,,,,,,,,,,,,,,,,,,,,,,,,,,,,,,,,,,,,,,,,,,,,,,,,,,,,,,,,,,,,,,,,,,,,,,,,,,,,,,,,No
,,,,,,20000166,General Merchandise,Unclassified,General Industrial,1500166,543144020,1nx6-20' Island Mist Sq Edge - Trex Transcend Lineage Decking,TREX,TREX,TREX,Appliance Dealers Cooperative,Appliance Dealers Cooperative,TREX,,543144020,,General Industrial>Unclassified,TREX 543144020 General Industrial,543144020 General Industrial,TREX Appliance Dealers Cooperative 543144020 General Industrial - Color: Standar,"TREX Appliance Dealers Cooperative 543144020 General Industrial. Manufacturer Part Number: 543144020. Features & Specifications: Color: Standard, Material: Steel.","TREX Appliance Dealers Cooperative 543144020 General Industrial. Color: Standard, Material: Steel","High quality TREX Appliance Dealers Cooperative 543144020 General Industrial. Built to industry standards. Specifications: Color: Standard, Material: Steel.",,,,,,,,,,,,,,,,,,,,,,,,,,General Industrial,Color,Standard,,,,,,,,,,,,,,,,,,,,,,,,,,,,,,,,,,,,,,,,,,,,,,,,,,,,,,,,,,,,,,,,,,,,,,,,,,,,,,,,,,,,,,,,,,,,,,,,,,,,,,,,,,,,,,,,,,,,,,,,,,,,,,,,,,,,,,,,,,,,,,,,,,,,,,,,,,,,,,,,,,,,,,,,,,,,,,,,,,,,,,,,,,,,,,,,,,,No
,,,,,,20000167,General Merchandise,Unclassified,General Industrial,1500167,543143016,1nx6-16' Jasper Sq Edge - Trex Transcend Lineage Decking,TREX,TREX,TREX,Appliance Dealers Cooperative,Appliance Dealers Cooperative,TREX,,543143016,,General Industrial>Unclassified,TREX 543143016 General Industrial,543143016 General Industrial,TREX Appliance Dealers Cooperative 543143016 General Industrial - Color: Standar,"TREX Appliance Dealers Cooperative 543143016 General Industrial. Manufacturer Part Number: 543143016. Features & Specifications: Color: Standard, Material: Steel.","TREX Appliance Dealers Cooperative 543143016 General Industrial. Color: Standard, Material: Steel","High quality TREX Appliance Dealers Cooperative 543143016 General Industrial. Built to industry standards. Specifications: Color: Standard, Material: Steel.",,,,,,,,,,,,,,,,,,,,,,,,,,General Industrial,Color,Standard,,,,,,,,,,,,,,,,,,,,,,,,,,,,,,,,,,,,,,,,,,,,,,,,,,,,,,,,,,,,,,,,,,,,,,,,,,,,,,,,,,,,,,,,,,,,,,,,,,,,,,,,,,,,,,,,,,,,,,,,,,,,,,,,,,,,,,,,,,,,,,,,,,,,,,,,,,,,,,,,,,,,,,,,,,,,,,,,,,,,,,,,,,,,,,,,,,,No
,,,,,,20000168,General Merchandise,Unclassified,General Industrial,1500168,543143020,1nx6-20' Jasper Sq Edge - Trex Transcend Lineage Decking,TREX,TREX,TREX,Appliance Dealers Cooperative,Appliance Dealers Cooperative,TREX,,543143020,,General Industrial>Unclassified,TREX 543143020 General Industrial,543143020 General Industrial,TREX Appliance Dealers Cooperative 543143020 General Industrial - Color: Standar,"TREX Appliance Dealers Cooperative 543143020 General Industrial. Manufacturer Part Number: 543143020. Features & Specifications: Color: Standard, Material: Steel.","TREX Appliance Dealers Cooperative 543143020 General Industrial. Color: Standard, Material: Steel","High quality TREX Appliance Dealers Cooperative 543143020 General Industrial. Built to industry standards. Specifications: Color: Standard, Material: Steel.",,,,,,,,,,,,,,,,,,,,,,,,,,General Industrial,Color,Standard,,,,,,,,,,,,,,,,,,,,,,,,,,,,,,,,,,,,,,,,,,,,,,,,,,,,,,,,,,,,,,,,,,,,,,,,,,,,,,,,,,,,,,,,,,,,,,,,,,,,,,,,,,,,,,,,,,,,,,,,,,,,,,,,,,,,,,,,,,,,,,,,,,,,,,,,,,,,,,,,,,,,,,,,,,,,,,,,,,,,,,,,,,,,,,,,,,,No
,,,,,,20000169,General Merchandise,Unclassified,General Industrial,1500169,543141016,1nx6-16' Rainier Sq Edge - Trex Transcend Lineage Decking,TREX,TREX,TREX,Appliance Dealers Cooperative,Appliance Dealers Cooperative,TREX,,543141016,,General Industrial>Unclassified,TREX 543141016 General Industrial,543141016 General Industrial,TREX Appliance Dealers Cooperative 543141016 General Industrial - Color: Standar,"TREX Appliance Dealers Cooperative 543141016 General Industrial. Manufacturer Part Number: 543141016. Features & Specifications: Color: Standard, Material: Steel.","TREX Appliance Dealers Cooperative 543141016 General Industrial. Color: Standard, Material: Steel","High quality TREX Appliance Dealers Cooperative 543141016 General Industrial. Built to industry standards. Specifications: Color: Standard, Material: Steel.",,,,,,,,,,,,,,,,,,,,,,,,,,General Industrial,Color,Standard,,,,,,,,,,,,,,,,,,,,,,,,,,,,,,,,,,,,,,,,,,,,,,,,,,,,,,,,,,,,,,,,,,,,,,,,,,,,,,,,,,,,,,,,,,,,,,,,,,,,,,,,,,,,,,,,,,,,,,,,,,,,,,,,,,,,,,,,,,,,,,,,,,,,,,,,,,,,,,,,,,,,,,,,,,,,,,,,,,,,,,,,,,,,,,,,,,,No
,,,,,,20000170,General Merchandise,Unclassified,General Industrial,1500170,543141020,1nx6-20' Rainier Sq Edge - Trex Transcend Lineage Decking,TREX,TREX,TREX,Appliance Dealers Cooperative,Appliance Dealers Cooperative,TREX,,543141020,,General Industrial>Unclassified,TREX 543141020 General Industrial,543141020 General Industrial,TREX Appliance Dealers Cooperative 543141020 General Industrial - Color: Standar,"TREX Appliance Dealers Cooperative 543141020 General Industrial. Manufacturer Part Number: 543141020. Features & Specifications: Color: Standard, Material: Steel.","TREX Appliance Dealers Cooperative 543141020 General Industrial. Color: Standard, Material: Steel","High quality TREX Appliance Dealers Cooperative 543141020 General Industrial. Built to industry standards. Specifications: Color: Standard, Material: Steel.",,,,,,,,,,,,,,,,,,,,,,,,,,General Industrial,Color,Standard,,,,,,,,,,,,,,,,,,,,,,,,,,,,,,,,,,,,,,,,,,,,,,,,,,,,,,,,,,,,,,,,,,,,,,,,,,,,,,,,,,,,,,,,,,,,,,,,,,,,,,,,,,,,,,,,,,,,,,,,,,,,,,,,,,,,,,,,,,,,,,,,,,,,,,,,,,,,,,,,,,,,,,,,,,,,,,,,,,,,,,,,,,,,,,,,,,,No
,,,,,,20000171,General Merchandise,Unclassified,General Industrial,1500171,543140412,1nx6-12' Biscayne Grooved - Trex Transcend Lineage Decking,TREX,TREX,TREX,Appliance Dealers Cooperative,Appliance Dealers Cooperative,TREX,,543140412,,General Industrial>Unclassified,TREX 543140412 General Industrial,543140412 General Industrial,TREX Appliance Dealers Cooperative 543140412 General Industrial - Color: Standar,"TREX Appliance Dealers Cooperative 543140412 General Industrial. Manufacturer Part Number: 543140412. Features & Specifications: Color: Standard, Material: Steel.","TREX Appliance Dealers Cooperative 543140412 General Industrial. Color: Standard, Material: Steel","High quality TREX Appliance Dealers Cooperative 543140412 General Industrial. Built to industry standards. Specifications: Color: Standard, Material: Steel.",,,,,,,,,,,,,,,,,,,,,,,,,,General Industrial,Color,Standard,,,,,,,,,,,,,,,,,,,,,,,,,,,,,,,,,,,,,,,,,,,,,,,,,,,,,,,,,,,,,,,,,,,,,,,,,,,,,,,,,,,,,,,,,,,,,,,,,,,,,,,,,,,,,,,,,,,,,,,,,,,,,,,,,,,,,,,,,,,,,,,,,,,,,,,,,,,,,,,,,,,,,,,,,,,,,,,,,,,,,,,,,,,,,,,,,,,No
,,,,,,20000172,General Merchandise,Unclassified,General Industrial,1500172,543140416,1nx6-16' Biscayne Grooved - Trex Transcend Lineage Decking,TREX,TREX,TREX,Appliance Dealers Cooperative,Appliance Dealers Cooperative,TREX,,543140416,,General Industrial>Unclassified,TREX 543140416 General Industrial,543140416 General Industrial,TREX Appliance Dealers Cooperative 543140416 General Industrial - Color: Standar,"TREX Appliance Dealers Cooperative 543140416 General Industrial. Manufacturer Part Number: 543140416. Features & Specifications: Color: Standard, Material: Steel.","TREX Appliance Dealers Cooperative 543140416 General Industrial. Color: Standard, Material: Steel","High quality TREX Appliance Dealers Cooperative 543140416 General Industrial. Built to industry standards. Specifications: Color: Standard, Material: Steel.",,,,,,,,,,,,,,,,,,,,,,,,,,General Industrial,Color,Standard,,,,,,,,,,,,,,,,,,,,,,,,,,,,,,,,,,,,,,,,,,,,,,,,,,,,,,,,,,,,,,,,,,,,,,,,,,,,,,,,,,,,,,,,,,,,,,,,,,,,,,,,,,,,,,,,,,,,,,,,,,,,,,,,,,,,,,,,,,,,,,,,,,,,,,,,,,,,,,,,,,,,,,,,,,,,,,,,,,,,,,,,,,,,,,,,,,,No
,,,,,,20000173,General Merchandise,Unclassified,General Industrial,1500173,543140420,1nx6-20' Biscayne Grooved - Trex Transcend Lineage Decking,TREX,TREX,TREX,Appliance Dealers Cooperative,Appliance Dealers Cooperative,TREX,,543140420,,General Industrial>Unclassified,TREX 543140420 General Industrial,543140420 General Industrial,TREX Appliance Dealers Cooperative 543140420 General Industrial - Color: Standar,"TREX Appliance Dealers Cooperative 543140420 General Industrial. Manufacturer Part Number: 543140420. Features & Specifications: Color: Standard, Material: Steel.","TREX Appliance Dealers Cooperative 543140420 General Industrial. Color: Standard, Material: Steel","High quality TREX Appliance Dealers Cooperative 543140420 General Industrial. Built to industry standards. Specifications: Color: Standard, Material: Steel.",,,,,,,,,,,,,,,,,,,,,,,,,,General Industrial,Color,Standard,,,,,,,,,,,,,,,,,,,,,,,,,,,,,,,,,,,,,,,,,,,,,,,,,,,,,,,,,,,,,,,,,,,,,,,,,,,,,,,,,,,,,,,,,,,,,,,,,,,,,,,,,,,,,,,,,,,,,,,,,,,,,,,,,,,,,,,,,,,,,,,,,,,,,,,,,,,,,,,,,,,,,,,,,,,,,,,,,,,,,,,,,,,,,,,,,,,No
,,,,,,20000174,General Merchandise,Unclassified,General Industrial,1500174,543142412,1nx6-12' Carmel Grooved - Trex Transcend Lineage Decking,TREX,TREX,TREX,Appliance Dealers Cooperative,Appliance Dealers Cooperative,TREX,,543142412,,General Industrial>Unclassified,TREX 543142412 General Industrial,543142412 General Industrial,TREX Appliance Dealers Cooperative 543142412 General Industrial - Color: Standar,"TREX Appliance Dealers Cooperative 543142412 General Industrial. Manufacturer Part Number: 543142412. Features & Specifications: Color: Standard, Material: Steel.","TREX Appliance Dealers Cooperative 543142412 General Industrial. Color: Standard, Material: Steel","High quality TREX Appliance Dealers Cooperative 543142412 General Industrial. Built to industry standards. Specifications: Color: Standard, Material: Steel.",,,,,,,,,,,,,,,,,,,,,,,,,,General Industrial,Color,Standard,,,,,,,,,,,,,,,,,,,,,,,,,,,,,,,,,,,,,,,,,,,,,,,,,,,,,,,,,,,,,,,,,,,,,,,,,,,,,,,,,,,,,,,,,,,,,,,,,,,,,,,,,,,,,,,,,,,,,,,,,,,,,,,,,,,,,,,,,,,,,,,,,,,,,,,,,,,,,,,,,,,,,,,,,,,,,,,,,,,,,,,,,,,,,,,,,,,No
,,,,,,20000175,General Merchandise,Unclassified,General Industrial,1500175,543142416,1nx6-16' Carmel Grooved - Trex Transcend Lineage Decking,TREX,TREX,TREX,Appliance Dealers Cooperative,Appliance Dealers Cooperative,TREX,,543142416,,General Industrial>Unclassified,TREX 543142416 General Industrial,543142416 General Industrial,TREX Appliance Dealers Cooperative 543142416 General Industrial - Color: Standar,"TREX Appliance Dealers Cooperative 543142416 General Industrial. Manufacturer Part Number: 543142416. Features & Specifications: Color: Standard, Material: Steel.","TREX Appliance Dealers Cooperative 543142416 General Industrial. Color: Standard, Material: Steel","High quality TREX Appliance Dealers Cooperative 543142416 General Industrial. Built to industry standards. Specifications: Color: Standard, Material: Steel.",,,,,,,,,,,,,,,,,,,,,,,,,,General Industrial,Color,Standard,,,,,,,,,,,,,,,,,,,,,,,,,,,,,,,,,,,,,,,,,,,,,,,,,,,,,,,,,,,,,,,,,,,,,,,,,,,,,,,,,,,,,,,,,,,,,,,,,,,,,,,,,,,,,,,,,,,,,,,,,,,,,,,,,,,,,,,,,,,,,,,,,,,,,,,,,,,,,,,,,,,,,,,,,,,,,,,,,,,,,,,,,,,,,,,,,,,No
,,,,,,20000176,General Merchandise,Unclassified,General Industrial,1500176,543142420,1nx6-20' Carmel Grooved - Trex Transcend Lineage Decking,TREX,TREX,TREX,Appliance Dealers Cooperative,Appliance Dealers Cooperative,TREX,,543142420,,General Industrial>Unclassified,TREX 543142420 General Industrial,543142420 General Industrial,TREX Appliance Dealers Cooperative 543142420 General Industrial - Color: Standar,"TREX Appliance Dealers Cooperative 543142420 General Industrial. Manufacturer Part Number: 543142420. Features & Specifications: Color: Standard, Material: Steel.","TREX Appliance Dealers Cooperative 543142420 General Industrial. Color: Standard, Material: Steel","High quality TREX Appliance Dealers Cooperative 543142420 General Industrial. Built to industry standards. Specifications: Color: Standard, Material: Steel.",,,,,,,,,,,,,,,,,,,,,,,,,,General Industrial,Color,Standard,,,,,,,,,,,,,,,,,,,,,,,,,,,,,,,,,,,,,,,,,,,,,,,,,,,,,,,,,,,,,,,,,,,,,,,,,,,,,,,,,,,,,,,,,,,,,,,,,,,,,,,,,,,,,,,,,,,,,,,,,,,,,,,,,,,,,,,,,,,,,,,,,,,,,,,,,,,,,,,,,,,,,,,,,,,,,,,,,,,,,,,,,,,,,,,,,,,No
,,,,,,20000177,General Merchandise,Unclassified,General Industrial,1500177,543144412,1nx6-12' Island Mist Grooved - Trex Transcend Lineage Decking,TREX,TREX,TREX,Appliance Dealers Cooperative,Appliance Dealers Cooperative,TREX,,543144412,,General Industrial>Unclassified,TREX 543144412 General Industrial,543144412 General Industrial,TREX Appliance Dealers Cooperative 543144412 General Industrial - Color: Standar,"TREX Appliance Dealers Cooperative 543144412 General Industrial. Manufacturer Part Number: 543144412. Features & Specifications: Color: Standard, Material: Steel.","TREX Appliance Dealers Cooperative 543144412 General Industrial. Color: Standard, Material: Steel","High quality TREX Appliance Dealers Cooperative 543144412 General Industrial. Built to industry standards. Specifications: Color: Standard, Material: Steel.",,,,,,,,,,,,,,,,,,,,,,,,,,General Industrial,Color,Standard,,,,,,,,,,,,,,,,,,,,,,,,,,,,,,,,,,,,,,,,,,,,,,,,,,,,,,,,,,,,,,,,,,,,,,,,,,,,,,,,,,,,,,,,,,,,,,,,,,,,,,,,,,,,,,,,,,,,,,,,,,,,,,,,,,,,,,,,,,,,,,,,,,,,,,,,,,,,,,,,,,,,,,,,,,,,,,,,,,,,,,,,,,,,,,,,,,,No
,,,,,,20000178,General Merchandise,Unclassified,General Industrial,1500178,543144416,1nx6-16' Island Mist Grooved - Trex Transcend Lineage Decking,TREX,TREX,TREX,Appliance Dealers Cooperative,Appliance Dealers Cooperative,TREX,,543144416,,General Industrial>Unclassified,TREX 543144416 General Industrial,543144416 General Industrial,TREX Appliance Dealers Cooperative 543144416 General Industrial - Color: Standar,"TREX Appliance Dealers Cooperative 543144416 General Industrial. Manufacturer Part Number: 543144416. Features & Specifications: Color: Standard, Material: Steel.","TREX Appliance Dealers Cooperative 543144416 General Industrial. Color: Standard, Material: Steel","High quality TREX Appliance Dealers Cooperative 543144416 General Industrial. Built to industry standards. Specifications: Color: Standard, Material: Steel.",,,,,,,,,,,,,,,,,,,,,,,,,,General Industrial,Color,Standard,,,,,,,,,,,,,,,,,,,,,,,,,,,,,,,,,,,,,,,,,,,,,,,,,,,,,,,,,,,,,,,,,,,,,,,,,,,,,,,,,,,,,,,,,,,,,,,,,,,,,,,,,,,,,,,,,,,,,,,,,,,,,,,,,,,,,,,,,,,,,,,,,,,,,,,,,,,,,,,,,,,,,,,,,,,,,,,,,,,,,,,,,,,,,,,,,,,No
,,,,,,20000179,General Merchandise,Unclassified,General Industrial,1500179,543144420,1nx6-20' Island Mist Grooved - Trex Transcend Lineage Decking,TREX,TREX,TREX,Appliance Dealers Cooperative,Appliance Dealers Cooperative,TREX,,543144420,,General Industrial>Unclassified,TREX 543144420 General Industrial,543144420 General Industrial,TREX Appliance Dealers Cooperative 543144420 General Industrial - Color: Standar,"TREX Appliance Dealers Cooperative 543144420 General Industrial. Manufacturer Part Number: 543144420. Features & Specifications: Color: Standard, Material: Steel.","TREX Appliance Dealers Cooperative 543144420 General Industrial. Color: Standard, Material: Steel","High quality TREX Appliance Dealers Cooperative 543144420 General Industrial. Built to industry standards. Specifications: Color: Standard, Material: Steel.",,,,,,,,,,,,,,,,,,,,,,,,,,General Industrial,Color,Standard,,,,,,,,,,,,,,,,,,,,,,,,,,,,,,,,,,,,,,,,,,,,,,,,,,,,,,,,,,,,,,,,,,,,,,,,,,,,,,,,,,,,,,,,,,,,,,,,,,,,,,,,,,,,,,,,,,,,,,,,,,,,,,,,,,,,,,,,,,,,,,,,,,,,,,,,,,,,,,,,,,,,,,,,,,,,,,,,,,,,,,,,,,,,,,,,,,,No
,,,,,,20000180,General Merchandise,Unclassified,General Industrial,1500180,543143412,1nx6-12' Jasper Grooved - Trex Transcend Lineage Decking,TREX,TREX,TREX,Appliance Dealers Cooperative,Appliance Dealers Cooperative,TREX,,543143412,,General Industrial>Unclassified,TREX 543143412 General Industrial,543143412 General Industrial,TREX Appliance Dealers Cooperative 543143412 General Industrial - Color: Standar,"TREX Appliance Dealers Cooperative 543143412 General Industrial. Manufacturer Part Number: 543143412. Features & Specifications: Color: Standard, Material: Steel.","TREX Appliance Dealers Cooperative 543143412 General Industrial. Color: Standard, Material: Steel","High quality TREX Appliance Dealers Cooperative 543143412 General Industrial. Built to industry standards. Specifications: Color: Standard, Material: Steel.",,,,,,,,,,,,,,,,,,,,,,,,,,General Industrial,Color,Standard,,,,,,,,,,,,,,,,,,,,,,,,,,,,,,,,,,,,,,,,,,,,,,,,,,,,,,,,,,,,,,,,,,,,,,,,,,,,,,,,,,,,,,,,,,,,,,,,,,,,,,,,,,,,,,,,,,,,,,,,,,,,,,,,,,,,,,,,,,,,,,,,,,,,,,,,,,,,,,,,,,,,,,,,,,,,,,,,,,,,,,,,,,,,,,,,,,,No
,,,,,,20000181,General Merchandise,Unclassified,General Industrial,1500181,543143416,1nx6-16' Jasper Grooved - Trex Transcend Lineage Decking,TREX,TREX,TREX,Appliance Dealers Cooperative,Appliance Dealers Cooperative,TREX,,543143416,,General Industrial>Unclassified,TREX 543143416 General Industrial,543143416 General Industrial,TREX Appliance Dealers Cooperative 543143416 General Industrial - Color: Standar,"TREX Appliance Dealers Cooperative 543143416 General Industrial. Manufacturer Part Number: 543143416. Features & Specifications: Color: Standard, Material: Steel.","TREX Appliance Dealers Cooperative 543143416 General Industrial. Color: Standard, Material: Steel","High quality TREX Appliance Dealers Cooperative 543143416 General Industrial. Built to industry standards. Specifications: Color: Standard, Material: Steel.",,,,,,,,,,,,,,,,,,,,,,,,,,General Industrial,Color,Standard,,,,,,,,,,,,,,,,,,,,,,,,,,,,,,,,,,,,,,,,,,,,,,,,,,,,,,,,,,,,,,,,,,,,,,,,,,,,,,,,,,,,,,,,,,,,,,,,,,,,,,,,,,,,,,,,,,,,,,,,,,,,,,,,,,,,,,,,,,,,,,,,,,,,,,,,,,,,,,,,,,,,,,,,,,,,,,,,,,,,,,,,,,,,,,,,,,,No
,,,,,,20000182,General Merchandise,Unclassified,General Industrial,1500182,543143420,1nx6-20' Jasper Grooved - Trex Transcend Lineage Decking,TREX,TREX,TREX,Appliance Dealers Cooperative,Appliance Dealers Cooperative,TREX,,543143420,,General Industrial>Unclassified,TREX 543143420 General Industrial,543143420 General Industrial,TREX Appliance Dealers Cooperative 543143420 General Industrial - Color: Standar,"TREX Appliance Dealers Cooperative 543143420 General Industrial. Manufacturer Part Number: 543143420. Features & Specifications: Color: Standard, Material: Steel.","TREX Appliance Dealers Cooperative 543143420 General Industrial. Color: Standard, Material: Steel","High quality TREX Appliance Dealers Cooperative 543143420 General Industrial. Built to industry standards. Specifications: Color: Standard, Material: Steel.",,,,,,,,,,,,,,,,,,,,,,,,,,General Industrial,Color,Standard,,,,,,,,,,,,,,,,,,,,,,,,,,,,,,,,,,,,,,,,,,,,,,,,,,,,,,,,,,,,,,,,,,,,,,,,,,,,,,,,,,,,,,,,,,,,,,,,,,,,,,,,,,,,,,,,,,,,,,,,,,,,,,,,,,,,,,,,,,,,,,,,,,,,,,,,,,,,,,,,,,,,,,,,,,,,,,,,,,,,,,,,,,,,,,,,,,,No
,,,,,,20000183,General Merchandise,Unclassified,General Industrial,1500183,543141412,1nx6-12' Rainier Grooved - Trex Transcend Lineage Decking,TREX,TREX,TREX,Appliance Dealers Cooperative,Appliance Dealers Cooperative,TREX,,543141412,,General Industrial>Unclassified,TREX 543141412 General Industrial,543141412 General Industrial,TREX Appliance Dealers Cooperative 543141412 General Industrial - Color: Standar,"TREX Appliance Dealers Cooperative 543141412 General Industrial. Manufacturer Part Number: 543141412. Features & Specifications: Color: Standard, Material: Steel.","TREX Appliance Dealers Cooperative 543141412 General Industrial. Color: Standard, Material: Steel","High quality TREX Appliance Dealers Cooperative 543141412 General Industrial. Built to industry standards. Specifications: Color: Standard, Material: Steel.",,,,,,,,,,,,,,,,,,,,,,,,,,General Industrial,Color,Standard,,,,,,,,,,,,,,,,,,,,,,,,,,,,,,,,,,,,,,,,,,,,,,,,,,,,,,,,,,,,,,,,,,,,,,,,,,,,,,,,,,,,,,,,,,,,,,,,,,,,,,,,,,,,,,,,,,,,,,,,,,,,,,,,,,,,,,,,,,,,,,,,,,,,,,,,,,,,,,,,,,,,,,,,,,,,,,,,,,,,,,,,,,,,,,,,,,,No
,,,,,,20000184,General Merchandise,Unclassified,General Industrial,1500184,543141416,1nx6-16' Rainier Grooved - Trex Transcend Lineage Decking,TREX,TREX,TREX,Appliance Dealers Cooperative,Appliance Dealers Cooperative,TREX,,543141416,,General Industrial>Unclassified,TREX 543141416 General Industrial,543141416 General Industrial,TREX Appliance Dealers Cooperative 543141416 General Industrial - Color: Standar,"TREX Appliance Dealers Cooperative 543141416 General Industrial. Manufacturer Part Number: 543141416. Features & Specifications: Color: Standard, Material: Steel.","TREX Appliance Dealers Cooperative 543141416 General Industrial. Color: Standard, Material: Steel","High quality TREX Appliance Dealers Cooperative 543141416 General Industrial. Built to industry standards. Specifications: Color: Standard, Material: Steel.",,,,,,,,,,,,,,,,,,,,,,,,,,General Industrial,Color,Standard,,,,,,,,,,,,,,,,,,,,,,,,,,,,,,,,,,,,,,,,,,,,,,,,,,,,,,,,,,,,,,,,,,,,,,,,,,,,,,,,,,,,,,,,,,,,,,,,,,,,,,,,,,,,,,,,,,,,,,,,,,,,,,,,,,,,,,,,,,,,,,,,,,,,,,,,,,,,,,,,,,,,,,,,,,,,,,,,,,,,,,,,,,,,,,,,,,,No
,,,,,,20000185,General Merchandise,Unclassified,General Industrial,1500185,543141420,1nx6-20' Rainier Grooved - Trex Transcend Lineage Decking,TREX,TREX,TREX,Appliance Dealers Cooperative,Appliance Dealers Cooperative,TREX,,543141420,,General Industrial>Unclassified,TREX 543141420 General Industrial,543141420 General Industrial,TREX Appliance Dealers Cooperative 543141420 General Industrial - Color: Standar,"TREX Appliance Dealers Cooperative 543141420 General Industrial. Manufacturer Part Number: 543141420. Features & Specifications: Color: Standard, Material: Steel.","TREX Appliance Dealers Cooperative 543141420 General Industrial. Color: Standard, Material: Steel","High quality TREX Appliance Dealers Cooperative 543141420 General Industrial. Built to industry standards. Specifications: Color: Standard, Material: Steel.",,,,,,,,,,,,,,,,,,,,,,,,,,General Industrial,Color,Standard,,,,,,,,,,,,,,,,,,,,,,,,,,,,,,,,,,,,,,,,,,,,,,,,,,,,,,,,,,,,,,,,,,,,,,,,,,,,,,,,,,,,,,,,,,,,,,,,,,,,,,,,,,,,,,,,,,,,,,,,,,,,,,,,,,,,,,,,,,,,,,,,,,,,,,,,,,,,,,,,,,,,,,,,,,,,,,,,,,,,,,,,,,,,,,,,,,,No
,,,,,,20000186,General Merchandise,Unclassified,General Industrial,1500186,1513703,1nx6-16' Hatteras Sq Edge - Trex Transcend Lineage Decking,TREX,TREX,TREX,Freud Inc,Freud Inc,TREX,,1513703,,General Industrial>Unclassified,TREX 1513703 General Industrial,1513703 General Industrial,"TREX Freud Inc 1513703 General Industrial - Color: Standard, Material: Steel","TREX Freud Inc 1513703 General Industrial. Manufacturer Part Number: 1513703. Features & Specifications: Color: Standard, Material: Steel.","TREX Freud Inc 1513703 General Industrial. Color: Standard, Material: Steel","High quality TREX Freud Inc 1513703 General Industrial. Built to industry standards. Specifications: Color: Standard, Material: Steel.",,,,,,,,,,,,,,,,,,,,,,,,,,General Industrial,Color,Standard,,,,,,,,,,,,,,,,,,,,,,,,,,,,,,,,,,,,,,,,,,,,,,,,,,,,,,,,,,,,,,,,,,,,,,,,,,,,,,,,,,,,,,,,,,,,,,,,,,,,,,,,,,,,,,,,,,,,,,,,,,,,,,,,,,,,,,,,,,,,,,,,,,,,,,,,,,,,,,,,,,,,,,,,,,,,,,,,,,,,,,,,,,,,,,,,,,,No
,,,,,,20000187,General Merchandise,Unclassified,General Industrial,1500187,1513704,1nx6-20' Hatteras Sq Edge - Trex Transcend Lineage Decking,TREX,TREX,TREX,Freud Inc,Freud Inc,TREX,,1513704,,General Industrial>Unclassified,TREX 1513704 General Industrial,1513704 General Industrial,"TREX Freud Inc 1513704 General Industrial - Color: Standard, Material: Steel","TREX Freud Inc 1513704 General Industrial. Manufacturer Part Number: 1513704. Features & Specifications: Color: Standard, Material: Steel.","TREX Freud Inc 1513704 General Industrial. Color: Standard, Material: Steel","High quality TREX Freud Inc 1513704 General Industrial. Built to industry standards. Specifications: Color: Standard, Material: Steel.",,,,,,,,,,,,,,,,,,,,,,,,,,General Industrial,Color,Standard,,,,,,,,,,,,,,,,,,,,,,,,,,,,,,,,,,,,,,,,,,,,,,,,,,,,,,,,,,,,,,,,,,,,,,,,,,,,,,,,,,,,,,,,,,,,,,,,,,,,,,,,,,,,,,,,,,,,,,,,,,,,,,,,,,,,,,,,,,,,,,,,,,,,,,,,,,,,,,,,,,,,,,,,,,,,,,,,,,,,,,,,,,,,,,,,,,,No
,,,,,,20000188,General Merchandise,Unclassified,General Industrial,1500188,1513705,1nx6-12' Hatteras Grooved - Trex Transcend Lineage Decking,TREX,TREX,TREX,Freud Inc,Freud Inc,TREX,,1513705,,General Industrial>Unclassified,TREX 1513705 General Industrial,1513705 General Industrial,"TREX Freud Inc 1513705 General Industrial - Color: Standard, Material: Steel","TREX Freud Inc 1513705 General Industrial. Manufacturer Part Number: 1513705. Features & Specifications: Color: Standard, Material: Steel.","TREX Freud Inc 1513705 General Industrial. Color: Standard, Material: Steel","High quality TREX Freud Inc 1513705 General Industrial. Built to industry standards. Specifications: Color: Standard, Material: Steel.",,,,,,,,,,,,,,,,,,,,,,,,,,General Industrial,Color,Standard,,,,,,,,,,,,,,,,,,,,,,,,,,,,,,,,,,,,,,,,,,,,,,,,,,,,,,,,,,,,,,,,,,,,,,,,,,,,,,,,,,,,,,,,,,,,,,,,,,,,,,,,,,,,,,,,,,,,,,,,,,,,,,,,,,,,,,,,,,,,,,,,,,,,,,,,,,,,,,,,,,,,,,,,,,,,,,,,,,,,,,,,,,,,,,,,,,,No
,,,,,,20000189,General Merchandise,Unclassified,General Industrial,1500189,1513706,1nx6-16' Hatteras Grooved - Trex Transcend Lineage Decking,TREX,TREX,TREX,Freud Inc,Freud Inc,TREX,,1513706,,General Industrial>Unclassified,TREX 1513706 General Industrial,1513706 General Industrial,"TREX Freud Inc 1513706 General Industrial - Color: Standard, Material: Steel","TREX Freud Inc 1513706 General Industrial. Manufacturer Part Number: 1513706. Features & Specifications: Color: Standard, Material: Steel.","TREX Freud Inc 1513706 General Industrial. Color: Standard, Material: Steel","High quality TREX Freud Inc 1513706 General Industrial. Built to industry standards. Specifications: Color: Standard, Material: Steel.",,,,,,,,,,,,,,,,,,,,,,,,,,General Industrial,Color,Standard,,,,,,,,,,,,,,,,,,,,,,,,,,,,,,,,,,,,,,,,,,,,,,,,,,,,,,,,,,,,,,,,,,,,,,,,,,,,,,,,,,,,,,,,,,,,,,,,,,,,,,,,,,,,,,,,,,,,,,,,,,,,,,,,,,,,,,,,,,,,,,,,,,,,,,,,,,,,,,,,,,,,,,,,,,,,,,,,,,,,,,,,,,,,,,,,,,,No
,,,,,,20000190,General Merchandise,Unclassified,General Industrial,1500190,1513707,1nx6-20' Hatteras Grooved - Trex Transcend Lineage Decking,TREX,TREX,TREX,Freud Inc,Freud Inc,TREX,,1513707,,General Industrial>Unclassified,TREX 1513707 General Industrial,1513707 General Industrial,"TREX Freud Inc 1513707 General Industrial - Color: Standard, Material: Steel","TREX Freud Inc 1513707 General Industrial. Manufacturer Part Number: 1513707. Features & Specifications: Color: Standard, Material: Steel.","TREX Freud Inc 1513707 General Industrial. Color: Standard, Material: Steel","High quality TREX Freud Inc 1513707 General Industrial. Built to industry standards. Specifications: Color: Standard, Material: Steel.",,,,,,,,,,,,,,,,,,,,,,,,,,General Industrial,Color,Standard,,,,,,,,,,,,,,,,,,,,,,,,,,,,,,,,,,,,,,,,,,,,,,,,,,,,,,,,,,,,,,,,,,,,,,,,,,,,,,,,,,,,,,,,,,,,,,,,,,,,,,,,,,,,,,,,,,,,,,,,,,,,,,,,,,,,,,,,,,,,,,,,,,,,,,,,,,,,,,,,,,,,,,,,,,,,,,,,,,,,,,,,,,,,,,,,,,,No
,,,,,,20000191,General Merchandise,Unclassified,General Industrial,1500191,1513708,1nx6-16' Salt Flat Sq Edge - Trex Transcend Lineage Decking,TREX,TREX,TREX,Freud Inc,Freud Inc,TREX,,1513708,,General Industrial>Unclassified,TREX 1513708 General Industrial,1513708 General Industrial,"TREX Freud Inc 1513708 General Industrial - Color: Standard, Material: Steel","TREX Freud Inc 1513708 General Industrial. Manufacturer Part Number: 1513708. Features & Specifications: Color: Standard, Material: Steel.","TREX Freud Inc 1513708 General Industrial. Color: Standard, Material: Steel","High quality TREX Freud Inc 1513708 General Industrial. Built to industry standards. Specifications: Color: Standard, Material: Steel.",,,,,,,,,,,,,,,,,,,,,,,,,,General Industrial,Color,Standard,,,,,,,,,,,,,,,,,,,,,,,,,,,,,,,,,,,,,,,,,,,,,,,,,,,,,,,,,,,,,,,,,,,,,,,,,,,,,,,,,,,,,,,,,,,,,,,,,,,,,,,,,,,,,,,,,,,,,,,,,,,,,,,,,,,,,,,,,,,,,,,,,,,,,,,,,,,,,,,,,,,,,,,,,,,,,,,,,,,,,,,,,,,,,,,,,,,No
,,,,,,20000192,General Merchandise,Unclassified,General Industrial,1500192,1513709,1nx6-20' Salt Flat Sq Edge - Trex Transcend Lineage Decking,TREX,TREX,TREX,Freud Inc,Freud Inc,TREX,,1513709,,General Industrial>Unclassified,TREX 1513709 General Industrial,1513709 General Industrial,"TREX Freud Inc 1513709 General Industrial - Color: Standard, Material: Steel","TREX Freud Inc 1513709 General Industrial. Manufacturer Part Number: 1513709. Features & Specifications: Color: Standard, Material: Steel.","TREX Freud Inc 1513709 General Industrial. Color: Standard, Material: Steel","High quality TREX Freud Inc 1513709 General Industrial. Built to industry standards. Specifications: Color: Standard, Material: Steel.",,,,,,,,,,,,,,,,,,,,,,,,,,General Industrial,Color,Standard,,,,,,,,,,,,,,,,,,,,,,,,,,,,,,,,,,,,,,,,,,,,,,,,,,,,,,,,,,,,,,,,,,,,,,,,,,,,,,,,,,,,,,,,,,,,,,,,,,,,,,,,,,,,,,,,,,,,,,,,,,,,,,,,,,,,,,,,,,,,,,,,,,,,,,,,,,,,,,,,,,,,,,,,,,,,,,,,,,,,,,,,,,,,,,,,,,,No
,,,,,,20000193,General Merchandise,Unclassified,General Industrial,1500193,1513710,1nx6-12' Salt Flat Grooved - Trex Transcend Lineage Decking,TREX,TREX,TREX,Freud Inc,Freud Inc,TREX,,1513710,,General Industrial>Unclassified,TREX 1513710 General Industrial,1513710 General Industrial,"TREX Freud Inc 1513710 General Industrial - Color: Standard, Material: Steel","TREX Freud Inc 1513710 General Industrial. Manufacturer Part Number: 1513710. Features & Specifications: Color: Standard, Material: Steel.","TREX Freud Inc 1513710 General Industrial. Color: Standard, Material: Steel","High quality TREX Freud Inc 1513710 General Industrial. Built to industry standards. Specifications: Color: Standard, Material: Steel.",,,,,,,,,,,,,,,,,,,,,,,,,,General Industrial,Color,Standard,,,,,,,,,,,,,,,,,,,,,,,,,,,,,,,,,,,,,,,,,,,,,,,,,,,,,,,,,,,,,,,,,,,,,,,,,,,,,,,,,,,,,,,,,,,,,,,,,,,,,,,,,,,,,,,,,,,,,,,,,,,,,,,,,,,,,,,,,,,,,,,,,,,,,,,,,,,,,,,,,,,,,,,,,,,,,,,,,,,,,,,,,,,,,,,,,,,No
,,,,,,20000194,General Merchandise,Unclassified,General Industrial,1500194,1513711,1nx6-16' Salt Flat Grooved - Trex Transcend Lineage Decking,TREX,TREX,TREX,Freud Inc,Freud Inc,TREX,,1513711,,General Industrial>Unclassified,TREX 1513711 General Industrial,1513711 General Industrial,"TREX Freud Inc 1513711 General Industrial - Color: Standard, Material: Steel","TREX Freud Inc 1513711 General Industrial. Manufacturer Part Number: 1513711. Features & Specifications: Color: Standard, Material: Steel.","TREX Freud Inc 1513711 General Industrial. Color: Standard, Material: Steel","High quality TREX Freud Inc 1513711 General Industrial. Built to industry standards. Specifications: Color: Standard, Material: Steel.",,,,,,,,,,,,,,,,,,,,,,,,,,General Industrial,Color,Standard,,,,,,,,,,,,,,,,,,,,,,,,,,,,,,,,,,,,,,,,,,,,,,,,,,,,,,,,,,,,,,,,,,,,,,,,,,,,,,,,,,,,,,,,,,,,,,,,,,,,,,,,,,,,,,,,,,,,,,,,,,,,,,,,,,,,,,,,,,,,,,,,,,,,,,,,,,,,,,,,,,,,,,,,,,,,,,,,,,,,,,,,,,,,,,,,,,,No
,,,,,,20000195,General Merchandise,Unclassified,General Industrial,1500195,1513712,1nx6-20' Salt Flat Grooved - Trex Transcend Lineage Decking,TREX,TREX,TREX,Freud Inc,Freud Inc,TREX,,1513712,,General Industrial>Unclassified,TREX 1513712 General Industrial,1513712 General Industrial,"TREX Freud Inc 1513712 General Industrial - Color: Standard, Material: Steel","TREX Freud Inc 1513712 General Industrial. Manufacturer Part Number: 1513712. Features & Specifications: Color: Standard, Material: Steel.","TREX Freud Inc 1513712 General Industrial. Color: Standard, Material: Steel","High quality TREX Freud Inc 1513712 General Industrial. Built to industry standards. Specifications: Color: Standard, Material: Steel.",,,,,,,,,,,,,,,,,,,,,,,,,,General Industrial,Color,Standard,,,,,,,,,,,,,,,,,,,,,,,,,,,,,,,,,,,,,,,,,,,,,,,,,,,,,,,,,,,,,,,,,,,,,,,,,,,,,,,,,,,,,,,,,,,,,,,,,,,,,,,,,,,,,,,,,,,,,,,,,,,,,,,,,,,,,,,,,,,,,,,,,,,,,,,,,,,,,,,,,,,,,,,,,,,,,,,,,,,,,,,,,,,,,,,,,,,No
,,,,,,20000196,General Merchandise,Unclassified,General Industrial,1500196,1513717,1nx6-16' Honey Grove Sq Edge - Trex Enhance Naturals Decking,TREX,TREX,TREX,Freud Inc,Freud Inc,TREX,,1513717,,General Industrial>Unclassified,TREX 1513717 General Industrial,1513717 General Industrial,"TREX Freud Inc 1513717 General Industrial - Color: Standard, Material: Steel","TREX Freud Inc 1513717 General Industrial. Manufacturer Part Number: 1513717. Features & Specifications: Color: Standard, Material: Steel.","TREX Freud Inc 1513717 General Industrial. Color: Standard, Material: Steel","High quality TREX Freud Inc 1513717 General Industrial. Built to industry standards. Specifications: Color: Standard, Material: Steel.",,,,,,,,,,,,,,,,,,,,,,,,,,General Industrial,Color,Standard,,,,,,,,,,,,,,,,,,,,,,,,,,,,,,,,,,,,,,,,,,,,,,,,,,,,,,,,,,,,,,,,,,,,,,,,,,,,,,,,,,,,,,,,,,,,,,,,,,,,,,,,,,,,,,,,,,,,,,,,,,,,,,,,,,,,,,,,,,,,,,,,,,,,,,,,,,,,,,,,,,,,,,,,,,,,,,,,,,,,,,,,,,,,,,,,,,,No
,,,,,,20000197,General Merchandise,Unclassified,General Industrial,1500197,1513718,1nx6-20' Honey Grove Sq Edge - Trex Enhance Naturals Decking,TREX,TREX,TREX,Freud Inc,Freud Inc,TREX,,1513718,,General Industrial>Unclassified,TREX 1513718 General Industrial,1513718 General Industrial,"TREX Freud Inc 1513718 General Industrial - Color: Standard, Material: Steel","TREX Freud Inc 1513718 General Industrial. Manufacturer Part Number: 1513718. Features & Specifications: Color: Standard, Material: Steel.","TREX Freud Inc 1513718 General Industrial. Color: Standard, Material: Steel","High quality TREX Freud Inc 1513718 General Industrial. Built to industry standards. Specifications: Color: Standard, Material: Steel.",,,,,,,,,,,,,,,,,,,,,,,,,,General Industrial,Color,Standard,,,,,,,,,,,,,,,,,,,,,,,,,,,,,,,,,,,,,,,,,,,,,,,,,,,,,,,,,,,,,,,,,,,,,,,,,,,,,,,,,,,,,,,,,,,,,,,,,,,,,,,,,,,,,,,,,,,,,,,,,,,,,,,,,,,,,,,,,,,,,,,,,,,,,,,,,,,,,,,,,,,,,,,,,,,,,,,,,,,,,,,,,,,,,,,,,,,No
,,,,,,20000198,General Merchandise,Unclassified,General Industrial,1500198,1513719,1nx6-12' Honey Grove Grooved - Trex Enhance Naturals Decking,TREX,TREX,TREX,Freud Inc,Freud Inc,TREX,,1513719,,General Industrial>Unclassified,TREX 1513719 General Industrial,1513719 General Industrial,"TREX Freud Inc 1513719 General Industrial - Color: Standard, Material: Steel","TREX Freud Inc 1513719 General Industrial. Manufacturer Part Number: 1513719. Features & Specifications: Color: Standard, Material: Steel.","TREX Freud Inc 1513719 General Industrial. Color: Standard, Material: Steel","High quality TREX Freud Inc 1513719 General Industrial. Built to industry standards. Specifications: Color: Standard, Material: Steel.",,,,,,,,,,,,,,,,,,,,,,,,,,General Industrial,Color,Standard,,,,,,,,,,,,,,,,,,,,,,,,,,,,,,,,,,,,,,,,,,,,,,,,,,,,,,,,,,,,,,,,,,,,,,,,,,,,,,,,,,,,,,,,,,,,,,,,,,,,,,,,,,,,,,,,,,,,,,,,,,,,,,,,,,,,,,,,,,,,,,,,,,,,,,,,,,,,,,,,,,,,,,,,,,,,,,,,,,,,,,,,,,,,,,,,,,,No
,,,,,,20000199,General Merchandise,Unclassified,General Industrial,1500199,1513720,1nx6-16' Honey Grove Grooved - Trex Enhance Naturals Decking,TREX,TREX,TREX,Freud Inc,Freud Inc,TREX,,1513720,,General Industrial>Unclassified,TREX 1513720 General Industrial,1513720 General Industrial,"TREX Freud Inc 1513720 General Industrial - Color: Standard, Material: Steel","TREX Freud Inc 1513720 General Industrial. Manufacturer Part Number: 1513720. Features & Specifications: Color: Standard, Material: Steel.","TREX Freud Inc 1513720 General Industrial. Color: Standard, Material: Steel","High quality TREX Freud Inc 1513720 General Industrial. Built to industry standards. Specifications: Color: Standard, Material: Steel.",,,,,,,,,,,,,,,,,,,,,,,,,,General Industrial,Color,Standard,,,,,,,,,,,,,,,,,,,,,,,,,,,,,,,,,,,,,,,,,,,,,,,,,,,,,,,,,,,,,,,,,,,,,,,,,,,,,,,,,,,,,,,,,,,,,,,,,,,,,,,,,,,,,,,,,,,,,,,,,,,,,,,,,,,,,,,,,,,,,,,,,,,,,,,,,,,,,,,,,,,,,,,,,,,,,,,,,,,,,,,,,,,,,,,,,,,No
,,,,,,20000200,General Merchandise,Unclassified,General Industrial,1500200,1513721,1nx6-20' Honey Grove Grooved - Trex Enhance Naturals Decking,TREX,TREX,TREX,Freud Inc,Freud Inc,TREX,,1513721,,General Industrial>Unclassified,TREX 1513721 General Industrial,1513721 General Industrial,"TREX Freud Inc 1513721 General Industrial - Color: Standard, Material: Steel","TREX Freud Inc 1513721 General Industrial. Manufacturer Part Number: 1513721. Features & Specifications: Color: Standard, Material: Steel.","TREX Freud Inc 1513721 General Industrial. Color: Standard, Material: Steel","High quality TREX Freud Inc 1513721 General Industrial. Built to industry standards. Specifications: Color: Standard, Material: Steel.",,,,,,,,,,,,,,,,,,,,,,,,,,General Industrial,Color,Standard,,,,,,,,,,,,,,,,,,,,,,,,,,,,,,,,,,,,,,,,,,,,,,,,,,,,,,,,,,,,,,,,,,,,,,,,,,,,,,,,,,,,,,,,,,,,,,,,,,,,,,,,,,,,,,,,,,,,,,,,,,,,,,,,,,,,,,,,,,,,,,,,,,,,,,,,,,,,,,,,,,,,,,,,,,,,,,,,,,,,,,,,,,,,,,,,,,,No
